month_start,product_id,category,units_sold,orders,revenue,freight,revenue_rank
2017-01-01,4a90b44b456e79e7a33435fdd36e551f,garden_tools,9,9,3420.0,379.1800079345703,1
2017-01-01,8b502ca34e28d30605bc667b965b6abf,watches_gifts,1,1,2999.0,17.010000228881836,2
2017-01-01,6cdd53843498f92890544667809f1595,health_beauty,8,8,2799.199951171875,183.2099952697754,3
2017-01-01,34742604f6cd1e891726b849b6890f81,sports_leisure,3,2,2577.0,216.43000030517578,4
2017-01-01,1fa728d99803c8849b5c95cfeaf9b60c,computers,1,1,2199.989990234375,18.0,5
2017-01-01,acac295886c915b0bcb309cb4158c0a7,computers_accessories,1,1,1999.0,24.0,6
2017-01-01,09ff539a621711667c43eba6a3bd8466,baby,1,1,1934.0,27.0,7
2017-01-01,0d1d766e7cdd4a724e9ea9a18e5177bb,telephony,2,2,1511.97998046875,53.10000038146973,8
2017-01-01,9fc063fd34fed29ccc57b7f8e8d03388,health_beauty,4,4,1480.0,81.18000030517578,9
2017-01-01,362aecb999551eb6adcd8c5594e255fc,consoles_games,2,2,1439.760009765625,42.03999900817871,10
2017-01-01,fb01a5fc09b9b9563c2ee41a22f07d54,consoles_games,2,2,1379.780029296875,40.08000183105469,11
2017-01-01,5bfcd193eb29c1c8332e2d4ca804d54f,consoles_games,6,6,1343.3999633789062,128.69999885559082,12
2017-01-01,6f790ed0f75949b7fa234ec087aed912,baby,2,2,1338.0,63.0,13
2017-01-01,07ecfc5bd0d3ca496facedede13afb80,watches_gifts,1,1,1299.0,27.790000915527344,14
2017-01-01,c6edce374ec89184d740f3e674add5f4,watches_gifts,1,1,1299.0,24.299999237060547,15
2017-01-01,b68cf84ede4fd1e14b1740de5b727d55,health_beauty,2,2,1272.0,46.54999923706055,16
2017-01-01,8bc9dee0f2da0b7ad43095be7ad8414f,cool_stuff,3,2,1197.0,280.6800079345703,17
2017-01-01,6df665a20caa80a66804f836165bbf36,auto,2,2,1191.97998046875,55.829999923706055,18
2017-01-01,0de1e69dff6f40f9f71be7034a8bb8d2,perfumery,3,3,1049.6999816894531,57.7599983215332,19
2017-01-01,81c891c541361f1108fe9e2a645324d9,cool_stuff,1,1,869.0,24.0,20
2017-01-01,6c34d241bbd85d693f1fee6a4b8a8e2b,small_appliances,1,1,839.0,36.959999084472656,21
2017-01-01,e2b9252181ddde232e0bfb68df262610,health_beauty,4,4,825.0,92.3700008392334,22
2017-01-01,d12a5178024ccefb3582170a9ab45a0d,cool_stuff,2,1,798.0,48.52000045776367,23
2017-01-01,99b89f140f651db441848081814dd1a1,computers_accessories,4,2,787.5999755859375,37.989999771118164,24
2017-01-01,5b8423dc7f23089c9c59c5d140eb5a1c,toys,6,6,779.9400329589844,145.30000114440918,25
2017-01-01,88d165f46820f016a6840428dd5b7996,perfumery,3,3,779.6999816894531,44.11000061035156,26
2017-01-01,37eb69aca8718e843d897aa7b82f462d,garden_tools,15,1,765.0,18.000000715255737,27
2017-01-01,ca38c039b717207dec906f4fa9a21db7,health_beauty,4,4,719.9600219726562,72.39000129699707,28
2017-01-01,0c9ff9d8ed9b9bdd825487b3a66e05f5,auto,3,2,716.6999816894531,64.4000015258789,29
2017-01-01,16ce899c7af0c99f46948734a0d00f0f,stationery,9,2,716.4900054931641,119.19999694824219,30
2017-01-01,d696750e550fd0f733979dd7e5dff921,housewares,4,3,701.4000244140625,65.1999979019165,31
2017-01-01,0cc13a424dc207f8c4d3b26ea1cd384c,furniture_decor,2,2,699.97998046875,70.72999954223633,32
2017-01-01,d9279101bd9bcdf95aa06a8081b24367,baby,2,2,699.97998046875,44.89999961853027,33
2017-01-01,7fd93eccaf2d461cb6bc4bbd1aa91f1a,watches_gifts,1,1,699.1699829101562,20.59000015258789,34
2017-01-01,51eb65f0fd99823a3cb2c0d985e230a9,health_beauty,1,1,699.0,36.0,35
2017-01-01,28c8150eb44ec8106c8f061afd9c3e9f,telephony,1,1,659.989990234375,25.700000762939453,36
2017-01-01,67fcc72a4cfd0ac826c0158ce5c98ae6,sports_leisure,1,1,659.0,30.8700008392334,37
2017-01-01,baeb8e1a680cf9e1f13557d74b6cec3d,garden_tools,5,5,649.9500274658203,107.96000289916992,38
2017-01-01,e5d860a0fff2e94bd1a406456cc6c4b3,home_appliances_2,3,3,629.6999816894531,63.0,39
2017-01-01,bc2d6310e5cbd60facb2f9c8d9471597,cool_stuff,1,1,629.0,36.70000076293945,40
2017-01-01,04c48a5fe31aedc4ef3896c005fd483c,perfumery,2,2,619.7999877929688,44.65999984741211,41
2017-01-01,027cdd14a677a5834bc67a9789db5021,perfumery,6,6,599.4000091552734,109.18999862670898,42
2017-01-01,ddebc97ddf43a9787d1ee7012e394ccc,cool_stuff,1,1,598.4000244140625,33.45000076293945,43
2017-01-01,721b56b7d205d6750e97716593bcb370,health_beauty,1,1,589.9000244140625,20.0,44
2017-01-01,30469bb5ea377eae7121981e2f0778e4,sports_leisure,5,5,565.0,173.02999877929688,45
2017-01-01,7642ddbf174d9a97119510f56be6c201,toys,2,2,559.97998046875,40.59000015258789,46
2017-01-01,1f2b62e693c588aef7be1f457137b15e,furniture_decor,4,1,559.5999755859375,18.0,47
2017-01-01,c8c073a1cae6a98799d7581958ede514,home_appliances_2,1,1,559.0,18.0,48
2017-01-01,66f01f544ba693e1a1a7428caec79279,furniture_decor,2,1,518.0,18.0,49
2017-01-01,5c6dad13ed0e96184a1bad2adbbd6394,garden_tools,1,1,510.0,25.040000915527344,50
2017-02-01,489ae2aa008f021502940f251d4cce7f,housewares,1,1,6735.0,194.30999755859375,1
2017-02-01,4c50dcc50f1512f46096d6ef0142c4a9,unknown,1,1,3980.0,62.7400016784668,2
2017-02-01,071930404657f7cd416f75bd063a9d4b,computers_accessories,1,1,3699.989990234375,36.22999954223633,3
2017-02-01,5e954c4ed342c50436d25d5f50a34919,computers,1,1,3549.0,53.470001220703125,4
2017-02-01,9453bde60c4ee52155c963641736cfc5,health_beauty,5,5,2574.949951171875,84.02000045776367,5
2017-02-01,06abf4be826ed1d548e8a22a3d75d912,health_beauty,4,4,2396.0,161.0500030517578,6
2017-02-01,c62dee961914cc2e49239963b04258ec,office_furniture,3,3,2099.969970703125,214.93000411987305,7
2017-02-01,e9eebb8e8ba0fadb9020f8ba1c003b48,perfumery,5,5,1919.4999694824219,98.0099983215332,8
2017-02-01,10558db20f88e2b71f8dff4614f9e3bf,small_appliances,1,1,1890.0,46.27000045776367,9
2017-02-01,561bea95142a07c5a363216f47879cbe,toys,1,1,1699.989990234375,82.55999755859375,10
2017-02-01,ce750e0c764699fb4564a06b4b8c295b,watches_gifts,1,1,1591.199951171875,35.630001068115234,11
2017-02-01,cf78006a2a6b0429b9663edd99bb38f9,furniture_decor,5,5,1499.949951171875,110.52999877929688,12
2017-02-01,ad53b56bfd80cb8adc160a3deaa239b9,telephony,10,7,1429.9000549316406,201.11000061035156,13
2017-02-01,6cdd53843498f92890544667809f1595,health_beauty,4,4,1399.5999755859375,107.71000099182129,14
2017-02-01,efd9689d6ae4ee9111b9b9f8b0f87f12,air_conditioning,2,2,1380.0,121.36000061035156,15
2017-02-01,add32d15ff7c76396b982686227d9553,watches_gifts,1,1,1349.0,18.229999542236328,16
2017-02-01,d248fe1e952b5b5d62572369cc23ac3c,watches_gifts,1,1,1323.0,24.959999084472656,17
2017-02-01,a448325c57fbf792a2f6ac7d1b730917,air_conditioning,7,7,1315.2999572753906,167.17000198364258,18
2017-02-01,25da7af0ae86de644e6410fec1d599d1,auto,2,2,1300.0,173.2199935913086,19
2017-02-01,de9305867467640bebc680708d43f27a,sports_leisure,1,1,1299.989990234375,67.51000213623047,20
2017-02-01,7cb009e2ae1cdf7d16e8fbf0255ba953,toys,1,1,1299.0,24.790000915527344,21
2017-02-01,68f3adaef1620e7b0c4c7cd9f78d7ed0,musical_instruments,1,1,1297.25,20.110000610351562,22
2017-02-01,15d5088ad671c687e6ee89b9ba4e0766,small_appliances,2,2,1271.800048828125,82.5,23
2017-02-01,38dcb9ae53c258cfba73583f9454d721,garden_tools,1,1,1250.0,40.790000915527344,24
2017-02-01,04c48a5fe31aedc4ef3896c005fd483c,perfumery,4,4,1239.5999755859375,68.42000198364258,25
2017-02-01,cd74b22e441a1149c4b94faee78becbb,watches_gifts,1,1,1221.030029296875,25.389999389648438,26
2017-02-01,f22c9d6ce2431ff939aad39e026cc7ef,auto,1,1,1199.9000244140625,31.389999389648438,27
2017-02-01,0e9dfb804bafa3d68ef3ee7a621abfb2,furniture_living_room,3,2,1194.0,315.9500045776367,28
2017-02-01,1957efa6b2babcb8552b5f3072108d41,cool_stuff,1,1,1169.0,59.72999954223633,29
2017-02-01,659966e9c909841fb346bc47ebf45ea9,office_furniture,2,1,1117.800048828125,128.5399932861328,30
2017-02-01,0c8862859cb952ee81428f80dc8140d9,garden_tools,1,1,1099.0,47.20000076293945,31
2017-02-01,e251ebd2858be1aa7d9b2087a6992580,garden_tools,11,5,1098.900016784668,196.49999713897705,32
2017-02-01,147df4d924f569e480fbd77099707f08,cool_stuff,1,1,1049.0,52.83000183105469,33
2017-02-01,04dc26a02c448f6f2b914f01c2902ebd,consoles_games,3,3,1030.1999816894531,61.55999946594238,34
2017-02-01,4fcb3d9a5f4871e8362dfedbdb02b064,auto,7,7,1006.6000213623047,183.73000144958496,35
2017-02-01,b44e238dee5686eb00c9130a613519b3,garden_tools,1,1,990.0,104.37000274658203,36
2017-02-01,cb26d15d1b6eabaac7c0803774245884,sports_leisure,1,1,969.0,128.1699981689453,37
2017-02-01,61d980017b9f55ac2451dbf0bdb849f2,office_furniture,1,1,960.0,82.51000213623047,38
2017-02-01,97ac99fefa9cf4eb8f825136a89e8f40,telephony,1,1,949.0,35.2599983215332,39
2017-02-01,9dfef86fb34051388a7263a31642386c,health_beauty,1,1,890.0,116.87000274658203,40
2017-02-01,81c891c541361f1108fe9e2a645324d9,cool_stuff,1,1,869.0,41.06999969482422,41
2017-02-01,98d61056e0568ba048e5d78038790e77,auto,5,5,845.0,111.5999984741211,42
2017-02-01,58efb9b638561ce132216a9a612513e2,furniture_living_room,8,3,831.9199829101562,284.1400089263916,43
2017-02-01,8ce0b48cdcc4b753ae4de64497998338,telephony,6,4,791.9400329589844,96.02999877929688,44
2017-02-01,9d6e01d4baea7a847db8d67e24e093bf,baby,1,1,790.0,67.36000061035156,45
2017-02-01,b52af48deef5c1fb35c99248a5269973,cool_stuff,2,2,770.0,133.27999877929688,46
2017-02-01,c13e94ddeafb40833a4c2e02c65bbb5f,health_beauty,1,1,760.0,193.83999633789062,47
2017-02-01,7aab18bec732db73232f712de3ba14fc,auto,2,2,758.0,59.97999954223633,48
2017-02-01,229c012e97328ba74fd0f4a1c29f8e51,toys,1,1,739.9000244140625,21.920000076293945,49
2017-02-01,99e51ed7faea9cbf65fc7bb4ea396cd0,cool_stuff,1,1,739.9000244140625,21.920000076293945,50
2017-03-01,470433f95ba906e17efac3fce39e9ffd,computers_accessories,3,3,8999.669677734375,110.89000129699707,1
2017-03-01,6902c1962dd19d540807d0ab8fade5c6,watches_gifts,1,1,3999.89990234375,17.010000228881836,2
2017-03-01,eba7488e1c67729f045ab43fac426f2e,perfumery,15,15,2980.899932861328,261.67000102996826,3
2017-03-01,e9a69340883a438c3f91739d14d3a56d,housewares,17,14,2888.2998962402344,422.28000259399414,4
2017-03-01,c1fe1d0cdc60f0908dd825d2a096f85a,garden_tools,2,2,2830.0,185.61000061035156,5
2017-03-01,af51d485dc5255ba2e18b21b550156e6,luggage_accessories,11,11,2769.7100372314453,836.8899841308594,6
2017-03-01,5263b67de8e3edbade45ea923f6c4e79,sports_leisure,1,1,2600.0,26.06999969482422,7
2017-03-01,2b9de6c892dd8bfb80322b1650d9904e,pet_shop,1,1,2498.0,76.37999725341797,8
2017-03-01,14e9b59d37c1571b980c02e237a5d395,garden_tools,1,1,2200.0,124.98999786376953,9
2017-03-01,1d7099ae41da8738fa29e4c51a5a492b,garden_tools,1,1,2130.0,60.400001525878906,10
2017-03-01,7c7a6e88e5df5c4aa1d4526a833e59e7,computers_accessories,1,1,2120.389892578125,48.209999084472656,11
2017-03-01,fb01a5fc09b9b9563c2ee41a22f07d54,consoles_games,3,3,2069.6700439453125,88.94000053405762,12
2017-03-01,99a4788cb24856965c36a24e339b6058,bed_bath_table,22,20,1977.800033569336,300.35999870300293,13
2017-03-01,35f2f253dd0f52362515bb0394741a84,watches_gifts,1,1,1949.9000244140625,17.010000228881836,14
2017-03-01,56a2556592a309ac9f087be6ca82fbf0,health_beauty,3,3,1949.7000732421875,52.65999794006348,15
2017-03-01,23ed7a10a36c6f88a757a9c83df9ea20,perfumery,4,4,1839.5999755859375,75.35000038146973,16
2017-03-01,e48f857c5498e6408410be1fda8e0fe4,sports_leisure,1,1,1800.0,26.06999969482422,17
2017-03-01,79896466715d0179d8e5c8a84e5f0a18,cool_stuff,4,4,1796.0,115.51000022888184,18
2017-03-01,1c756cc8c5e3b4a2fcf83d1690f8084d,watches_gifts,1,1,1775.0,18.229999542236328,19
2017-03-01,b6f7a80ce020adcd7918fca6246bf96a,small_appliances,2,2,1748.0,37.0099983215332,20
2017-03-01,78819ab10b4a44927c832a21c06849e0,computers_accessories,3,3,1740.81005859375,75.84000015258789,21
2017-03-01,152397b614be35e54106663bd5671f7d,garden_tools,3,1,1737.0,73.5,22
2017-03-01,7e0dc102074f8285580c9777f79c90cf,garden_tools,45,39,1590.5000686645508,631.1300048828125,23
2017-03-01,12485f9cdebb6ca179826ede539554ad,air_conditioning,2,2,1589.9599609375,33.25,24
2017-03-01,ddb6b29657e50476a9698d4606bb6471,small_appliances,1,1,1589.0,59.63999938964844,25
2017-03-01,dbb4ce89c8ed5fb6fd901e2e51093179,housewares,18,14,1509.8199615478516,329.3199996948242,26
2017-03-01,229c012e97328ba74fd0f4a1c29f8e51,toys,2,2,1479.800048828125,43.84000015258789,27
2017-03-01,58327c5dd67068015c5a9c5eeb51d848,toys,2,2,1479.800048828125,38.70000076293945,28
2017-03-01,338925450cde31710e3fd65b8bac0b1f,health_beauty,2,2,1460.0,259.1000061035156,29
2017-03-01,c6dd917a0be2a704582055949915ab32,cool_stuff,14,14,1399.8599700927734,233.01999759674072,30
2017-03-01,6e6752783a53e4832b969f1417ca34cf,consoles_games,4,4,1399.5999755859375,60.89000129699707,31
2017-03-01,2c7619bcea25989e443487d30e0aa25f,watches_gifts,1,1,1375.0,34.119998931884766,32
2017-03-01,e34c56a36fdb6854b10410b776c39442,small_appliances,2,2,1374.0,44.709999084472656,33
2017-03-01,e8bf29c4bfb2d46faeba76ed3db7f44f,small_appliances,1,1,1309.989990234375,45.7400016784668,34
2017-03-01,66e0e2eae7c7ea6eae5a004c80a22bc2,watches_gifts,1,1,1300.52001953125,24.799999237060547,35
2017-03-01,dec4cd5561ffdae063f94385555a5683,watches_gifts,1,1,1275.0,23.100000381469727,36
2017-03-01,38dcb9ae53c258cfba73583f9454d721,garden_tools,1,1,1250.0,34.25,37
2017-03-01,e7bca943d8e86d7b45c6d24634c55850,garden_tools,1,1,1250.0,34.25,38
2017-03-01,861857117917aaa99611defcc0d514cd,food,7,7,1216.0,89.89000034332275,39
2017-03-01,e0d64dcfaa3b6db5c54ca298ae101d05,watches_gifts,5,5,1205.030014038086,106.58999824523926,40
2017-03-01,f22c9d6ce2431ff939aad39e026cc7ef,auto,1,1,1199.9000244140625,25.690000534057617,41
2017-03-01,90375e3ead4149e7ce79f04c8f6c0545,auto,1,1,1199.0,40.939998626708984,42
2017-03-01,45df8892a1d74d2e8f960dc06625fdab,telephony,4,4,1196.0,78.08000087738037,43
2017-03-01,e9eebb8e8ba0fadb9020f8ba1c003b48,perfumery,3,3,1179.6999816894531,57.670000076293945,44
2017-03-01,46292acbc08d49b95138891146f7287b,pet_shop,4,2,1166.0,65.04000091552734,45
2017-03-01,f35927953ed82e19d06ad3aac2f06353,books_general_interest,10,9,1150.0,159.82999992370605,46
2017-03-01,ab8ba49579d5b0173f85517ce22968c6,perfumery,5,5,1149.4999694824219,87.1899995803833,47
2017-03-01,683cfdf77dfc3c305e4769968a854e10,office_furniture,1,1,1099.9000244140625,92.58000183105469,48
2017-03-01,8c591ab0ca519558779df02023177f44,garden_tools,11,11,1099.8899765014648,335.92999267578125,49
2017-03-01,386486367c1f9d4f587a8864ccb6902b,bed_bath_table,10,8,1099.000015258789,178.5100040435791,50
2017-04-01,3ecf69ee1fe21cfd40b30cbea549e563,small_appliances,2,2,5178.0,49.30000114440918,1
2017-04-01,a6492cc69376c469ab6f61d8f44de961,small_appliances,1,1,4799.0,151.33999633789062,2
2017-04-01,c3ed642d592594bb648ff4a04cee2747,small_appliances,1,1,4690.0,74.33999633789062,3
2017-04-01,78b7b1ff2d3f06a589354ddf2f4f9db3,perfumery,14,13,4100.599914550781,261.98999786376953,4
2017-04-01,4ca7b91a31637bd24fb8e559d5e015e4,small_appliances,1,1,3999.0,195.75999450683594,5
2017-04-01,99a4788cb24856965c36a24e339b6058,bed_bath_table,34,31,3056.600051879883,511.7000012397766,6
2017-04-01,a8bac9bc4001039c362db47eee5aee9a,computers_accessories,1,1,2951.0,58.529998779296875,7
2017-04-01,cea7edf64d9e93fbf6b89cc3ba537cd9,garden_tools,1,1,2690.0,61.2400016784668,8
2017-04-01,e9a69340883a438c3f91739d14d3a56d,housewares,15,15,2558.4999084472656,419.59000396728516,9
2017-04-01,65841ad29fc48cd40902e03da7511e05,cool_stuff,3,3,2547.0,410.7799987792969,10
2017-04-01,46e5995ddd4728e50343ef6bdb45b75f,fixed_telephony,5,1,2492.5,74.40000057220459,11
2017-04-01,9fc063fd34fed29ccc57b7f8e8d03388,health_beauty,6,6,2220.0,152.8700008392334,12
2017-04-01,af51d485dc5255ba2e18b21b550156e6,luggage_accessories,8,8,2079.199951171875,483.0599899291992,13
2017-04-01,aef8207c2e91f4fcdbc0824737abf358,health_beauty,6,6,2039.93994140625,94.59999942779541,14
2017-04-01,600add16084eeeead5c56279ccef0d7e,cool_stuff,1,1,1999.0,28.15999984741211,15
2017-04-01,24fffbd0188d2b7ceb351214c514b28c,perfumery,7,7,1989.2999572753906,105.99999904632568,16
2017-04-01,74ab21b84ab4ccc188721da75b439526,market_place,1,1,1964.0,147.57000732421875,17
2017-04-01,601a360bd2a916ecef0e88de72a6531a,cool_stuff,14,14,1819.8600769042969,243.5499973297119,18
2017-04-01,821719b9a2288a792ba3ca0c9962f467,bed_bath_table,1,1,1740.0,66.68000030517578,19
2017-04-01,c6dd917a0be2a704582055949915ab32,cool_stuff,17,17,1699.829963684082,241.43999862670898,20
2017-04-01,b7a89537c40b1f5a18b5ba75dbb91cbe,musical_instruments,6,6,1673.6199340820312,98.73999977111816,21
2017-04-01,017e3ffa31fcd2f8061fa66a9e486381,watches_gifts,1,1,1654.43994140625,18.229999542236328,22
2017-04-01,1a71a941d0691bd3d15ee51d5fb3b11b,watches_gifts,1,1,1653.8800048828125,25.75,23
2017-04-01,a3aab6d23ab543e36652264fce5ed7be,consoles_games,1,1,1609.9000244140625,47.66999816894531,24
2017-04-01,e72e59338050d312832e22ea7aedc0fd,auto,4,1,1596.0,123.91999816894531,25
2017-04-01,5237739bb5fee495dbd337755a138660,watches_gifts,1,1,1549.0,26.049999237060547,26
2017-04-01,685a5d6795fa0aeafc83984918957827,furniture_decor,4,1,1540.0,142.9199981689453,27
2017-04-01,a300dbe48179df6ad75c74a9fd9bc6bc,electronics,2,1,1499.800048828125,41.900001525878906,28
2017-04-01,47d52bb24ef8a3aa09724f00604be3ba,dvds_blu_ray,1,1,1420.0,15.579999923706055,29
2017-04-01,de72ea95a1cd05b1a597d294a425be57,auto,2,2,1400.0,240.70999908447266,30
2017-04-01,41b32e93d4f4db03491412efc40f3c91,watches_gifts,1,1,1399.0,25.0,31
2017-04-01,27152d405eaca93403563ce6acfccfa6,watches_gifts,1,1,1375.0,25.329999923706055,32
2017-04-01,d41d8cd98f00b204e9800998ecf8427e,auto,6,6,1329.5999755859375,218.6999969482422,33
2017-04-01,e251ebd2858be1aa7d9b2087a6992580,garden_tools,10,8,1315.8999938964844,178.01000022888184,34
2017-04-01,0de1e69dff6f40f9f71be7034a8bb8d2,perfumery,4,3,1299.5999755859375,65.18000030517578,35
2017-04-01,985bf2af90ac31349ca19417e2752410,home_construction,2,2,1240.199951171875,46.04999923706055,36
2017-04-01,f22c9d6ce2431ff939aad39e026cc7ef,auto,1,1,1199.9000244140625,25.690000534057617,37
2017-04-01,a70f58bd49225ad1d9f199d3766385a8,computers_accessories,4,4,1196.0,72.85000228881836,38
2017-04-01,c8194120cffeb4eea08d08e91ed1d284,costruction_tools_garden,2,2,1179.800048828125,65.17000007629395,39
2017-04-01,a5d86c5969b4279aad7973985215a4e9,computers_accessories,1,1,1140.9000244140625,20.56999969482422,40
2017-04-01,c92f0e7b9d49a9543558d6532772441b,luggage_accessories,8,7,1119.199951171875,223.8799934387207,41
2017-04-01,c10d7c70907ad6d09ada0581ef6bf839,watches_gifts,5,5,1079.4999694824219,98.1200008392334,42
2017-04-01,f522bb1400b17373f48c625ccdcb3a13,garden_tools,2,2,1050.0,116.5999984741211,43
2017-04-01,e9c1abcc7126360336d8f56d49041a8c,health_beauty,3,3,1047.0,49.83000183105469,44
2017-04-01,11bbef4e2a44601d9dd471aa1fb433e6,health_beauty,3,3,1019.969970703125,55.22999954223633,45
2017-04-01,98d61056e0568ba048e5d78038790e77,auto,6,6,1014.0,127.09999656677246,46
2017-04-01,c41394a593b75e8e4f3d1fb5e93e151e,sports_leisure,1,1,999.989990234375,97.94999694824219,47
2017-04-01,f2260011ffd0ed4238e48fc8dc2319de,small_appliances,1,1,999.989990234375,69.05000305175781,48
2017-04-01,3e6092cf0f56b9c78bcbd539157b9f70,unknown,1,1,999.9000244140625,22.700000762939453,49
2017-04-01,e6baba6c7819d44817a76305e082d682,garden_tools,1,1,998.9000244140625,41.0,50
2017-05-01,1bdf5e6731585cf01aa8169c7028d6ad,art,1,1,6499.0,227.66000366210938,1
2017-05-01,99a4788cb24856965c36a24e339b6058,bed_bath_table,58,55,5214.200088500977,870.6900033950806,2
2017-05-01,9453bde60c4ee52155c963641736cfc5,health_beauty,11,11,5089.989990234375,187.4199981689453,3
2017-05-01,fe59a1e006df3ac42bf0ceb876d70969,computers_accessories,5,4,4027.2999267578125,205.22000122070312,4
2017-05-01,ba55945d930e34e802e5dd2e5cffdcc8,musical_instruments,2,2,3798.239990234375,72.43000221252441,5
2017-05-01,e272c7b6c21c38e8ee510666a28460d4,computers_accessories,3,1,3597.0,69.41999816894531,6
2017-05-01,af51d485dc5255ba2e18b21b550156e6,luggage_accessories,12,12,3118.7999267578125,741.5499992370605,7
2017-05-01,1d16c0509e7011656e03c6a582ff6667,health_beauty,4,3,3040.0,895.2999877929688,8
2017-05-01,d7324d4c913e7b424cb61675dafc8c10,sports_leisure,1,1,2799.0,28.0,9
2017-05-01,0e030462875259ec0cb868f7ecf1fd5e,unknown,1,1,2740.0,54.5,10
2017-05-01,d5991653e037ccb7af6ed7d94246b249,computers_accessories,15,7,2715.699920654297,281.3199939727783,11
2017-05-01,de9305867467640bebc680708d43f27a,sports_leisure,2,2,2599.97998046875,185.57999801635742,12
2017-05-01,159dc4423e5092c3baa443379a458fa9,health_beauty,5,5,2431.989990234375,96.6399974822998,13
2017-05-01,ace4686a281385c082500437e5e73b61,auto,2,2,2399.97998046875,83.86000061035156,14
2017-05-01,f22c9d6ce2431ff939aad39e026cc7ef,auto,2,2,2399.800048828125,92.78000259399414,15
2017-05-01,601a360bd2a916ecef0e88de72a6531a,cool_stuff,18,18,2339.820098876953,328.9099979400635,16
2017-05-01,11bbef4e2a44601d9dd471aa1fb433e6,health_beauty,7,7,2319.929931640625,82.72999858856201,17
2017-05-01,18e41d0c2a7cac6a8d53d3fcc13da3c4,computers_accessories,2,2,2287.5899658203125,42.27000045776367,18
2017-05-01,cc971e0365873137b8bef2ebad633e6f,cool_stuff,10,10,2249.9000549316406,211.600004196167,19
2017-05-01,951aee2eea1136dd1f2cb63241c90ab7,health_beauty,1,1,2249.0,39.310001373291016,20
2017-05-01,c6dd917a0be2a704582055949915ab32,cool_stuff,22,22,2199.7799530029297,330.45999908447266,21
2017-05-01,b0b727747746e677a470d0948bb68520,musical_instruments,1,1,2109.89990234375,40.90999984741211,22
2017-05-01,4e5e41fb7d296a6f776c63fee5cb9fac,watches_gifts,3,3,2007.0,55.900001525878906,23
2017-05-01,08574b074924071f4e201e151b152b4e,garden_tools,20,17,1956.0,797.950008392334,24
2017-05-01,4aa52adb5489aa151e17023d4e153297,pet_shop,1,1,1878.3299560546875,102.37999725341797,25
2017-05-01,aaccb76bf4427c9196a531cb10a79458,health_beauty,1,1,1850.0,28.389999389648438,26
2017-05-01,a9e9edb1bcac585bfbfa381ce40e5d99,garden_tools,1,1,1820.0,81.62000274658203,27
2017-05-01,29427de7f8a9ee983d9dbc51cec569b4,cool_stuff,18,18,1799.8199615478516,280.39000701904297,28
2017-05-01,d05d4a7430d1293367ba2ffbedcdef05,sports_leisure,1,1,1799.0,27.34000015258789,29
2017-05-01,e7c8819338fc9a87e81ea2d90898f612,garden_tools,4,4,1796.0,121.18999862670898,30
2017-05-01,65841ad29fc48cd40902e03da7511e05,cool_stuff,2,2,1698.0,283.760009765625,31
2017-05-01,28a4dc65b49348e9de7f1aa7bfbabfd8,home_appliances_2,1,1,1697.0,60.40999984741211,32
2017-05-01,5fc3e6a4b52b0c414458104ed4037f1c,computers_accessories,19,15,1691.0,296.30999755859375,33
2017-05-01,6c34d241bbd85d693f1fee6a4b8a8e2b,small_appliances,2,2,1690.0,140.70999908447266,34
2017-05-01,6bc9ae87edf6ad4063076624b8ad0268,watches_gifts,1,1,1672.0,25.450000762939453,35
2017-05-01,c10d7c70907ad6d09ada0581ef6bf839,watches_gifts,8,3,1671.199951171875,132.75999450683594,36
2017-05-01,a9516a079e37a9c9c36b9b78b10169e8,office_furniture,13,7,1624.869972229004,233.3199977874756,37
2017-05-01,f2169c25db6a579fde210bf8ce7ce9d7,garden_tools,2,2,1598.0,50.420000076293945,38
2017-05-01,d2e131d6f19ae0d665fc1a6c420b4f4c,watches_gifts,2,2,1568.989990234375,28.610000610351562,39
2017-05-01,d389bacae4eb98af95b782dae3b7f03a,watches_gifts,2,2,1518.0,27.020000457763672,40
2017-05-01,f71973c922ccaab05514a36a8bc741b8,luggage_accessories,15,13,1468.5000228881836,391.45000076293945,41
2017-05-01,ffdde3d63e889c9a9f9ec30d82a4c815,toys,1,1,1449.0,55.61000061035156,42
2017-05-01,0296dd002a346e3bbdda4e0bc48a5073,furniture_bedroom,3,1,1440.0,95.21999931335449,43
2017-05-01,6cdd53843498f92890544667809f1595,health_beauty,4,4,1399.5999755859375,106.91999816894531,44
2017-05-01,31a2f42a87890f87d77daebdfabc182e,toys,10,10,1394.4999694824219,162.0300006866455,45
2017-05-01,fa126ff62aae83e37857ad495641c878,computers_accessories,7,3,1392.5,112.42000484466553,46
2017-05-01,ae347727b83d554247d6cc36029a8392,health_beauty,1,1,1359.0,52.619998931884766,47
2017-05-01,dd1759836cc99a88be1a42bf6673abe0,perfumery,8,8,1352.0,123.59999942779541,48
2017-05-01,dceb3f67aef3484498a7caa4ba50f484,garden_tools,3,3,1347.0,149.73999786376953,49
2017-05-01,6ae38d49db7fc65ad1779828542aecba,garden_tools,6,6,1324.0,146.26999855041504,50
2017-06-01,fd0065af7f09af4b82a0ca8f3eed1852,auto,8,8,15999.919921875,280.399995803833,1
2017-06-01,99a4788cb24856965c36a24e339b6058,bed_bath_table,51,48,4584.900077819824,753.2299894094467,2
2017-06-01,42a2c92a0979a949ca4ea89ec5c7b934,housewares,73,64,4372.70011138916,1287.989990234375,3
2017-06-01,5f504b3a1c75b73d6151be81eb05bdc9,cool_stuff,7,7,4004.0,366.11999893188477,4
2017-06-01,470433f95ba906e17efac3fce39e9ffd,computers_accessories,1,1,2999.889892578125,48.380001068115234,5
2017-06-01,f6a84928571f68635beb0f5c9333c6f3,sports_leisure,3,3,2697.0,480.8300018310547,6
2017-06-01,3ecf69ee1fe21cfd40b30cbea549e563,small_appliances,1,1,2690.0,44.11000061035156,7
2017-06-01,a233df9a388d27dbdfd31731d4236db0,computers_accessories,1,1,2649.989990234375,134.1699981689453,8
2017-06-01,1ed724b5e4b638eeb4bd3487d88b8f28,cool_stuff,1,1,2649.0,32.290000915527344,9
2017-06-01,122bedead6e7541d311e6e0ab3cf248f,cool_stuff,1,1,2649.0,32.290000915527344,10
2017-06-01,ab50aa8d9af0addb7f96149c8b8cee86,cool_stuff,1,1,2499.989990234375,127.0999984741211,11
2017-06-01,27535386be7362e36d9e78c2afb8c0e5,health_beauty,2,2,2399.800048828125,48.1299991607666,12
2017-06-01,c6ea63369936552872ae890c82175b4b,bed_bath_table,11,11,2394.9600219726562,208.69999980926514,13
2017-06-01,18e41d0c2a7cac6a8d53d3fcc13da3c4,computers_accessories,2,2,2361.89990234375,33.32000060379505,14
2017-06-01,23ed7a10a36c6f88a757a9c83df9ea20,perfumery,5,5,2249.499969482422,124.44999885559082,15
2017-06-01,d5991653e037ccb7af6ed7d94246b249,computers_accessories,15,8,2247.719955444336,325.5099992752075,16
2017-06-01,20f160a9cf2e856ee5eba259e9ae33f9,perfumery,13,12,2234.939971923828,205.81000137329102,17
2017-06-01,601a360bd2a916ecef0e88de72a6531a,cool_stuff,17,17,2209.830093383789,290.0399980545044,18
2017-06-01,f1c7f353075ce59d8a6f3cf58f419c9c,bed_bath_table,10,10,2090.0,213.21999835968018,19
2017-06-01,17c9711cb08dc4757841afc6d4a239d4,consoles_games,4,4,2066.360107421875,70.67999839782715,20
2017-06-01,f4f67ccaece962d013a4e1d7dc3a61f7,auto,8,8,1928.800048828125,281.01000213623047,21
2017-06-01,159dc4423e5092c3baa443379a458fa9,health_beauty,4,4,1897.969970703125,72.85000228881836,22
2017-06-01,10558db20f88e2b71f8dff4614f9e3bf,small_appliances,1,1,1890.0,48.7400016784668,23
2017-06-01,cb26d15d1b6eabaac7c0803774245884,sports_leisure,2,2,1865.0,318.3300018310547,24
2017-06-01,cc971e0365873137b8bef2ebad633e6f,cool_stuff,8,8,1839.9200439453125,175.7700023651123,25
2017-06-01,af51d485dc5255ba2e18b21b550156e6,luggage_accessories,7,7,1819.2999572753906,465.6599998474121,26
2017-06-01,e213c4ab14d85a5a4a987bb6c543a952,sports_leisure,1,1,1769.0,61.119998931884766,27
2017-06-01,dc404a1496a08f9f5540c8b5d4b92925,toys,5,5,1699.7699584960938,113.80000114440918,28
2017-06-01,6c34d241bbd85d693f1fee6a4b8a8e2b,small_appliances,2,2,1690.0,102.77000045776367,29
2017-06-01,2f178dc91b792930e1ff40a77a123506,telephony,4,4,1599.9599609375,94.17999935150146,30
2017-06-01,a7c87b1bbdd51e0d68b0307cffd03d47,watches_gifts,1,1,1500.0,37.040000915527344,31
2017-06-01,aef8207c2e91f4fcdbc0824737abf358,health_beauty,5,5,1499.949951171875,75.17000102996826,32
2017-06-01,4f47791b7d4e127b53fdfceea592e926,computers_accessories,2,2,1499.800048828125,51.97999954223633,33
2017-06-01,c6dd917a0be2a704582055949915ab32,cool_stuff,14,14,1399.8599700927734,193.56999969482422,34
2017-06-01,2cfd372900c7c65e4c4ed2ccf7a1cfd4,watches_gifts,2,2,1393.3499755859375,48.630001068115234,35
2017-06-01,5fb0955cb683eb6f65a1f613e502eef5,agro_industry_and_commerce,1,1,1390.0,32.04999923706055,36
2017-06-01,add32d15ff7c76396b982686227d9553,watches_gifts,1,1,1349.0,24.190000534057617,37
2017-06-01,2a2d22ae30e026f1893083c8405ca522,bed_bath_table,10,10,1348.9999389648438,281.17999839782715,38
2017-06-01,472a528b441c91f23491342237364565,computers_accessories,1,1,1299.989990234375,17.90999984741211,39
2017-06-01,0c6fc9b9317a68d1cda098c063914b72,musical_instruments,3,3,1259.6999816894531,102.15999984741211,40
2017-06-01,38dcb9ae53c258cfba73583f9454d721,garden_tools,1,1,1250.0,43.27000045776367,41
2017-06-01,7c1bd920dbdf22470b68bde975dd3ccf,health_beauty,21,21,1234.7900352478027,291.96999406814575,42
2017-06-01,23f2ebdf4d6f7badc8bbd40af362f681,home_construction,5,1,1228.499984741211,87.39999771118164,43
2017-06-01,f22c9d6ce2431ff939aad39e026cc7ef,auto,1,1,1199.9000244140625,47.38999938964844,44
2017-06-01,e272c7b6c21c38e8ee510666a28460d4,computers_accessories,1,1,1199.0,25.100000381469727,45
2017-06-01,31a2f42a87890f87d77daebdfabc182e,toys,8,8,1192.0,168.87000370025635,46
2017-06-01,f71973c922ccaab05514a36a8bc741b8,luggage_accessories,13,13,1168.7000198364258,502.65001106262207,47
2017-06-01,0c8862859cb952ee81428f80dc8140d9,garden_tools,1,1,1160.0,57.779998779296875,48
2017-06-01,f9a1a72d4069bf9570e29b9c620bef07,unknown,1,1,1159.0,25.549999237060547,49
2017-06-01,3758055ab2434bd36ac78e00b15b5cf6,health_beauty,5,5,1149.9500274658203,70.06999969482422,50
2017-07-01,f1c7f353075ce59d8a6f3cf58f419c9c,bed_bath_table,59,57,12095.0,1309.560004234314,1
2017-07-01,99a4788cb24856965c36a24e339b6058,bed_bath_table,60,60,5394.000091552734,839.6300053596497,2
2017-07-01,fd0065af7f09af4b82a0ca8f3eed1852,auto,2,2,3999.97998046875,61.040000915527344,3
2017-07-01,952670bc019a73f0933157ec82ff6e4f,bed_bath_table,18,18,3690.0,423.0200004577637,4
2017-07-01,27535386be7362e36d9e78c2afb8c0e5,health_beauty,3,2,3599.7000732421875,114.38000297546387,5
2017-07-01,5f504b3a1c75b73d6151be81eb05bdc9,cool_stuff,6,6,3432.0,360.9699897766113,6
2017-07-01,470433f95ba906e17efac3fce39e9ffd,computers_accessories,1,1,2999.889892578125,41.84000015258789,7
2017-07-01,2a2d22ae30e026f1893083c8405ca522,bed_bath_table,21,20,2832.899871826172,522.6999988555908,8
2017-07-01,31a2f42a87890f87d77daebdfabc182e,toys,18,18,2682.0,313.45001125335693,9
2017-07-01,c6ea63369936552872ae890c82175b4b,bed_bath_table,12,12,2460.0,280.39999866485596,10
2017-07-01,4052517cac9e78357d895976124f6972,electronics,14,12,2100.0,271.26000022888184,11
2017-07-01,9069c427ca36847bc3907c09712f6cf8,toys,3,3,2099.7000732421875,62.21999931335449,12
2017-07-01,601a360bd2a916ecef0e88de72a6531a,cool_stuff,16,16,2079.840087890625,299.4499969482422,13
2017-07-01,f39a8b27ce90ac582103bf36f09690dd,consoles_games,6,6,2016.0,78.51999950408936,14
2017-07-01,e0d64dcfaa3b6db5c54ca298ae101d05,watches_gifts,10,10,1973.8300323486328,166.0600004196167,15
2017-07-01,f6a84928571f68635beb0f5c9333c6f3,sports_leisure,2,2,1798.0,333.27000427246094,16
2017-07-01,706982d4d1d9841dfd470b6fe10f8614,baby,2,2,1796.0,184.54999923706055,17
2017-07-01,53b36df67ebb7c41585e8d54d6772e08,watches_gifts,11,11,1777.4999694824219,170.78000164031982,18
2017-07-01,bb90206fa281c20f0b4c42a2393b54dd,computers_accessories,9,5,1763.0999450683594,153.19000148773193,19
2017-07-01,35afc973633aaeb6b877ff57b2793310,home_confort,19,17,1708.1000289916992,276.4200029373169,20
2017-07-01,48ec266dc99725679f820e6609801800,watches_gifts,1,1,1704.969970703125,28.3700008392334,21
2017-07-01,f5f0b722d7662e8939727fb49e45d046,watches_gifts,2,2,1699.800048828125,36.58000183105469,22
2017-07-01,7f1c32fb404e8cd4b901a3347a96f66e,watches_gifts,1,1,1625.0,19.56999969482422,23
2017-07-01,76951acb34204078c0dc377dfc4233aa,health_beauty,1,1,1597.3499755859375,31.979999542236328,24
2017-07-01,2b4609f8948be18874494203496bc318,health_beauty,17,17,1529.829963684082,206.020001411438,25
2017-07-01,3a264b078bf20e98f315ff65c23fa263,toys,4,4,1459.9599609375,79.21000099182129,26
2017-07-01,29427de7f8a9ee983d9dbc51cec569b4,cool_stuff,14,14,1399.8599700927734,278.7700071334839,27
2017-07-01,2cfd372900c7c65e4c4ed2ccf7a1cfd4,watches_gifts,2,2,1334.0,40.86000061035156,28
2017-07-01,62d41a80c366aa2d8644e3270adf8440,computers_accessories,6,2,1325.4600219726562,112.79999542236328,29
2017-07-01,ce045b0fd0fb3300b45effc7fb45012d,watches_gifts,1,1,1299.0,52.939998626708984,30
2017-07-01,dc9471db933efad7bf0ce685380578bd,computers_accessories,4,1,1283.6400146484375,159.1999969482422,31
2017-07-01,f3ce47ccf98da2906f6b8b1387618e07,housewares,10,6,1259.9800109863281,241.35999870300293,32
2017-07-01,11fd9d7ba552e1d28872e008acf1e050,cool_stuff,9,9,1259.0999450683594,138.0699977874756,33
2017-07-01,31a550e5405c2f75ecd052b2106f1330,cool_stuff,2,2,1258.0,81.01000213623047,34
2017-07-01,8abbebcdff5d78ce6bcafa077e5347ed,computers_accessories,1,1,1199.989990234375,53.869998931884766,35
2017-07-01,d6fe3b4ddecd4a8393c6a1385de3bfb6,office_furniture,6,6,1199.8200073242188,256.8400001525879,36
2017-07-01,cd5df6a3db7a3d064a55afd08289d762,agro_industry_and_commerce,1,1,1180.0,19.469999313354492,37
2017-07-01,85e8e8aad6ad12d67c21300379760196,garden_tools,1,1,1160.0,60.720001220703125,38
2017-07-01,389d119b48cf3043d311335e499d9c6b,garden_tools,19,15,1138.1000289916992,306.11999797821045,39
2017-07-01,53759a2ecddad2bb87a079a1f1519f73,garden_tools,19,16,1138.1000289916992,304.5799961090088,40
2017-07-01,8b91b9d3fea3a20b5ab4ffa874fdb062,musical_instruments,1,1,1122.0,50.2599983215332,41
2017-07-01,c6dd917a0be2a704582055949915ab32,cool_stuff,11,11,1099.8899765014648,181.82000637054443,42
2017-07-01,94b0bb57e5cc458656fd7ae6b806f5a7,telephony,2,2,1099.800048828125,30.700000762939453,43
2017-07-01,656e0eca68dcecf6a31b8ececfabe3e8,computers_accessories,10,9,1099.000015258789,120.15000343322754,44
2017-07-01,cf40e5e0674c8f74da58b2620de88ccc,watches_gifts,1,1,1099.0,51.540000915527344,45
2017-07-01,6a23c2eb9acc78f8ec403be9c6210dd4,office_furniture,9,8,1079.4600219726562,281.2600040435791,46
2017-07-01,130482add9fd75ccb6c57ba007694a2d,computers_accessories,10,8,1050.0,330.5299949645996,47
2017-07-01,f65464750198350b78735037a9b35dd2,bed_bath_table,5,5,1050.0,53.230000019073486,48
2017-07-01,97c948ebc8c04b26b7bbb095d4228f2a,health_beauty,1,1,1050.0,250.57000732421875,49
2017-07-01,66077cc774ac8ba7c7fcb45fd8e03474,housewares,11,8,1038.900016784668,240.43000411987305,50
2017-08-01,d6160fb7873f184099d9bc95e30376af,computers,9,9,11000.0,311.0299949645996,1
2017-08-01,bc4cd4da98dd128c39bf0b8c2674032f,computers,9,9,10800.0,344.63999938964844,2
2017-08-01,f1c7f353075ce59d8a6f3cf58f419c9c,bed_bath_table,52,51,10375.0,1009.4700050354004,3
2017-08-01,5f504b3a1c75b73d6151be81eb05bdc9,cool_stuff,12,12,7075.0,777.9599876403809,4
2017-08-01,9aedf557945e816d48539ee56293f860,computers,5,5,5600.0,194.75,5
2017-08-01,61937887eb6ee0b405a5759756426486,health_beauty,5,5,4079.5001220703125,168.4300022125244,6
2017-08-01,99a4788cb24856965c36a24e339b6058,bed_bath_table,37,36,3326.3000564575195,542.2999867200851,7
2017-08-01,bc2d6310e5cbd60facb2f9c8d9471597,cool_stuff,5,5,3145.0,226.80999755859375,8
2017-08-01,e0d64dcfaa3b6db5c54ca298ae101d05,watches_gifts,15,15,2698.4999084472656,223.90000343322754,9
2017-08-01,7af541d714ea3db608971a40b8f507cb,baby,6,5,2459.3999633789062,287.72999572753906,10
2017-08-01,056063b2634974ef86ccb7da2d3d0dbf,sports_leisure,4,2,2456.0,83.11999893188477,11
2017-08-01,6cdd53843498f92890544667809f1595,health_beauty,7,7,2449.2999572753906,209.6299991607666,12
2017-08-01,588531f8ec37e7d5ff5b7b22ea0488f8,computers,2,2,2400.0,101.6099967956543,13
2017-08-01,38c56c5c5b16958d95bf8254498ad555,watches_gifts,3,3,2397.0,69.61000061035156,14
2017-08-01,422879e10f46682990de24d770e7f83d,garden_tools,39,28,2336.1000595092773,708.3299989700317,15
2017-08-01,a5215a7a9f46c4185b12f38e9ddf2abc,computers,2,2,2200.0,77.26000213623047,16
2017-08-01,7ea73eb6e7e6ebb1113ba90f839b3402,computers_accessories,2,1,2159.97998046875,110.0,17
2017-08-01,fa4e8255202fd921350a6fc716710dae,computers_accessories,8,8,2157.93994140625,93.64000129699707,18
2017-08-01,d9f29c5e92ade1d2ed40235c56445b58,auto,3,1,2096.93994140625,383.6399917602539,19
2017-08-01,53b36df67ebb7c41585e8d54d6772e08,watches_gifts,13,13,2088.699920654297,197.40999794006348,20
2017-08-01,952670bc019a73f0933157ec82ff6e4f,bed_bath_table,10,10,2040.0,240.34000205993652,21
2017-08-01,5183344b5357029cfd88c7f511ed876d,musical_instruments,1,1,1999.0,66.3499984741211,22
2017-08-01,9571759451b1d780ee7c15012ea109d4,auto,20,1,1973.9999389648438,288.799991607666,23
2017-08-01,bb50f2e236e5eea0100680137654686c,health_beauty,6,6,1950.0,126.45000076293945,24
2017-08-01,d5991653e037ccb7af6ed7d94246b249,computers_accessories,13,6,1884.4499816894531,250.71000385284424,25
2017-08-01,601a360bd2a916ecef0e88de72a6531a,cool_stuff,16,16,1870.8399658203125,304.33999729156494,26
2017-08-01,c6ea63369936552872ae890c82175b4b,bed_bath_table,9,8,1845.0,219.7799997329712,27
2017-08-01,7a10781637204d8d10485c71a6108a2e,watches_gifts,8,8,1839.199951171875,121.13000202178955,28
2017-08-01,f71e81166f65ac9b5174e4630ab20615,garden_tools,1,1,1815.9100341796875,61.93000030517578,29
2017-08-01,c04e948c6900ce99ac47d89b3b6d70cd,cool_stuff,2,2,1800.0,175.4199981689453,30
2017-08-01,f819f0c84a64f02d3a5606ca95edd272,watches_gifts,2,2,1769.97998046875,49.170000076293945,31
2017-08-01,32bcebd1122da0e45ac11739dd7a1cad,auto,4,1,1736.0,206.60000610351562,32
2017-08-01,eb45e95b37dfceebc7b740688cff3686,baby,2,2,1658.0,42.19000053405762,33
2017-08-01,2b4609f8948be18874494203496bc318,health_beauty,18,18,1619.8199615478516,241.3900022506714,34
2017-08-01,389d119b48cf3043d311335e499d9c6b,garden_tools,27,22,1617.3000411987305,477.3899974822998,35
2017-08-01,f8d60c5ad1317240cc6138c3d50776b5,watches_gifts,2,2,1599.97998046875,34.77000045776367,36
2017-08-01,76951acb34204078c0dc377dfc4233aa,health_beauty,1,1,1597.3499755859375,53.209999084472656,37
2017-08-01,12485f9cdebb6ca179826ede539554ad,air_conditioning,2,1,1589.9599609375,27.8799991607666,38
2017-08-01,c6dd917a0be2a704582055949915ab32,cool_stuff,14,14,1399.8599700927734,265.6500072479248,39
2017-08-01,6d426dd1336e5a7d34470ae65bc68abf,fixed_telephony,1,1,1380.0,24.40999984741211,40
2017-08-01,368c6c730842d78016ad823897a372db,garden_tools,23,19,1377.7000350952148,415.1599998474121,41
2017-08-01,ae347727b83d554247d6cc36029a8392,health_beauty,1,1,1359.0,52.130001068115234,42
2017-08-01,0d009643171aee696f4733340bc2fdd0,perfumery,4,3,1356.0,71.11999988555908,43
2017-08-01,df480c7d3f979093ac4c2d1109e78289,watches_gifts,2,2,1345.97998046875,44.079999923706055,44
2017-08-01,8a8f06e954adeacfeb28b9af2efdc354,baby,2,2,1339.97998046875,177.57999420166016,45
2017-08-01,53f92b0474f91fcb5bd188c6a8075c38,housewares,1,1,1300.0,116.69999694824219,46
2017-08-01,e6ca601b0b9189e6471ccf0667985c9b,health_beauty,1,1,1299.9000244140625,27.639999389648438,47
2017-08-01,7c1bd920dbdf22470b68bde975dd3ccf,health_beauty,22,21,1297.7800369262695,357.29999351501465,48
2017-08-01,53759a2ecddad2bb87a079a1f1519f73,garden_tools,21,17,1257.900032043457,395.45999908447266,49
2017-08-01,dc68ee0fcb033a1ab6714fbb5db60c15,furniture_decor,5,5,1245.0,204.9099998474121,50
2017-09-01,d6160fb7873f184099d9bc95e30376af,computers,21,21,29899.390014648438,901.4399871826172,1
2017-09-01,5769ef0a239114ac3a854af00df129e4,fixed_telephony,8,1,13440.0,224.0800018310547,2
2017-09-01,bc4cd4da98dd128c39bf0b8c2674032f,computers,7,7,9099.60009765625,304.5599899291992,3
2017-09-01,5f504b3a1c75b73d6151be81eb05bdc9,cool_stuff,14,14,8540.0,710.0300140380859,4
2017-09-01,f1c7f353075ce59d8a6f3cf58f419c9c,bed_bath_table,32,31,5222.3599853515625,778.390007019043,5
2017-09-01,431d674f9a4fbd0957ecf6ba3fcb6899,telephony,16,16,4834.849853515625,374.35999870300293,6
2017-09-01,a5215a7a9f46c4185b12f38e9ddf2abc,computers,4,4,4799.9000244140625,179.11999893188477,7
2017-09-01,fb8c11da2e1b1634e879d1c3c6762dc2,computers,5,4,4250.0,157.50000190734863,8
2017-09-01,b7d35019c9f8e0eeff52b36a59eec8e8,small_appliances,2,2,3780.0,120.47000122070312,9
2017-09-01,bb50f2e236e5eea0100680137654686c,health_beauty,11,11,3575.0,214.75999641418457,10
2017-09-01,e0d64dcfaa3b6db5c54ca298ae101d05,watches_gifts,20,20,3291.3999633789062,390.5600051879883,11
2017-09-01,588531f8ec37e7d5ff5b7b22ea0488f8,computers,2,2,2899.989990234375,79.11999893188477,12
2017-09-01,53b36df67ebb7c41585e8d54d6772e08,watches_gifts,18,14,2762.4999084472656,252.73999547958374,13
2017-09-01,6cdd53843498f92890544667809f1595,health_beauty,7,7,2449.2999572753906,186.07999801635742,14
2017-09-01,1015bdc42b2ec0548e728cdc0ad72380,cool_stuff,3,3,2430.0,99.06999778747559,15
2017-09-01,6ae3f85f46a37844372252496c77b4d8,telephony,12,11,2394.3899688720703,254.1700038909912,16
2017-09-01,61937887eb6ee0b405a5759756426486,health_beauty,3,3,2370.0,55.92000198364258,17
2017-09-01,7814c273ab16783d73a9863ebfa8b141,furniture_decor,10,9,2332.0,530.2800064086914,18
2017-09-01,422879e10f46682990de24d770e7f83d,garden_tools,37,33,2216.3000564575195,635.9199991226196,19
2017-09-01,69d3ff4f45d52d69e4b06760e0e154e2,musical_instruments,2,2,2194.0,45.630001068115234,20
2017-09-01,7a10781637204d8d10485c71a6108a2e,watches_gifts,10,10,2190.5999755859375,153.4499969482422,21
2017-09-01,99a4788cb24856965c36a24e339b6058,bed_bath_table,23,21,2067.700035095215,431.8600091934204,22
2017-09-01,b0961721fd839e9982420e807758a2a6,garden_tools,34,23,2036.6000518798828,670.1999998092651,23
2017-09-01,cce3ce6484896041ae3dafdd4308a39c,consoles_games,2,2,2009.97998046875,62.69999885559082,24
2017-09-01,fa4e8255202fd921350a6fc716710dae,computers_accessories,8,8,2004.9200286865234,125.01000022888184,25
2017-09-01,a9b7d6445491f7108ce079d4f783dbf1,health_beauty,2,1,1980.0,174.82000732421875,26
2017-09-01,2b4609f8948be18874494203496bc318,health_beauty,21,21,1889.7899551391602,293.25,27
2017-09-01,06fb87866499b0e65992b2d88aca8282,watches_gifts,2,2,1798.0,43.09000015258789,28
2017-09-01,3976c6466748442470251341eb6f92a3,pet_shop,1,1,1798.0,144.0,29
2017-09-01,32bcebd1122da0e45ac11739dd7a1cad,auto,4,1,1736.0,180.9600067138672,30
2017-09-01,d1c427060a0f73f6b889a5c7c61f2ac4,computers_accessories,11,10,1679.8900604248047,480.9500045776367,31
2017-09-01,c4989935ece6a2e0c0c148ede45f640e,musical_instruments,4,1,1679.5999755859375,82.04000091552734,32
2017-09-01,4d0322b5ddf89ce6a3564aca2e261a3a,garden_tools,1,1,1663.0,67.04000091552734,33
2017-09-01,d5991653e037ccb7af6ed7d94246b249,computers_accessories,12,3,1656.8699340820312,431.0700149536133,34
2017-09-01,c6ea63369936552872ae890c82175b4b,bed_bath_table,10,10,1651.7899932861328,207.63000114262104,35
2017-09-01,fd9f8eff0fa910129e366594485e00dd,sports_leisure,3,1,1640.7000732421875,18.0,36
2017-09-01,461f43be3bdf8844e65b62d9ac2c7a5a,watches_gifts,10,10,1603.9999389648438,178.55999755859375,37
2017-09-01,270205bec6114bb05c09ed724555eac0,watches_gifts,1,1,1599.989990234375,25.950000762939453,38
2017-09-01,b5e13c9a353102f79c6206ff5cb61a50,toys,20,17,1598.0000305175781,375.40999603271484,39
2017-09-01,afeeea6271148ee1bb15173b8187c431,telephony,9,6,1566.0,155.9399995803833,40
2017-09-01,b8d682ed9fe73be0d13a38e716573f79,consoles_games,3,3,1500.0,62.25,41
2017-09-01,19998f21eb0c32c91d5530613a490f41,watches_gifts,1,1,1499.989990234375,24.25,42
2017-09-01,fe6a9515d655fa7936b8a7c841039f34,cool_stuff,6,5,1499.3999633789062,334.1399955749512,43
2017-09-01,7c1bd920dbdf22470b68bde975dd3ccf,health_beauty,25,23,1474.75004196167,390.97999382019043,44
2017-09-01,fcdb929c70287379ce31deed3f733d72,bed_bath_table,7,7,1469.2999572753906,111.60999774932861,45
2017-09-01,1491a8ff192d4b5c369b0eaa2fe33ee5,bed_bath_table,8,6,1459.770004272461,182.47000122070312,46
2017-09-01,0a57f7d2c983bcf8188589a5fea4a8da,watches_gifts,12,12,1446.0,178.15999698638916,47
2017-09-01,c1ad8ac66c91ad301cefc322ba2adf31,watches_gifts,2,2,1438.0,37.420000076293945,48
2017-09-01,53759a2ecddad2bb87a079a1f1519f73,garden_tools,23,16,1377.7000350952148,428.80000019073486,49
2017-09-01,441cab1deea761934372ba090ad7cc24,auto,4,1,1316.0,191.55999755859375,50
2017-10-01,588531f8ec37e7d5ff5b7b22ea0488f8,computers,12,11,17244.0,445.4499855041504,1
2017-10-01,eed5cbd74fac3bd79b7c7ec95fa7507d,unknown,5,5,9945.0,278.81999588012695,2
2017-10-01,d6160fb7873f184099d9bc95e30376af,computers,5,5,7999.949951171875,214.37000465393066,3
2017-10-01,34f99d82cfc355d08d8db780d14aa002,computers,2,2,5999.97998046875,253.02000427246094,4
2017-10-01,a5215a7a9f46c4185b12f38e9ddf2abc,computers,4,4,5360.0,151.70000457763672,5
2017-10-01,5f504b3a1c75b73d6151be81eb05bdc9,cool_stuff,8,8,4880.0,560.9700088500977,6
2017-10-01,431d674f9a4fbd0957ecf6ba3fcb6899,telephony,15,14,4356.97998046875,310.8499946594238,7
2017-10-01,f819f0c84a64f02d3a5606ca95edd272,watches_gifts,6,6,4124.9000244140625,139.97000122070312,8
2017-10-01,fe6a9515d655fa7936b8a7c841039f34,cool_stuff,15,15,3748.4999084472656,1075.429988861084,9
2017-10-01,6cdd53843498f92890544667809f1595,health_beauty,10,10,3498.9999389648438,228.39999771118164,10
2017-10-01,d285360f29ac7fd97640bf0baef03de0,watches_gifts,10,10,3461.5799255371094,134.5500020980835,11
2017-10-01,fe01b643060a6446e59f58e3021e66b3,perfumery,23,22,3289.0,856.9199848175049,12
2017-10-01,d2e131d6f19ae0d665fc1a6c420b4f4c,watches_gifts,5,5,3099.949951171875,87.4099988937378,13
2017-10-01,cce3ce6484896041ae3dafdd4308a39c,consoles_games,3,3,3014.969970703125,86.16000175476074,14
2017-10-01,797db4aaf1d7db19f13d21423f07b8e1,auto,2,2,2980.0,230.27999877929688,15
2017-10-01,d1c427060a0f73f6b889a5c7c61f2ac4,computers_accessories,17,17,2629.830093383789,745.9800052642822,16
2017-10-01,b7a60a397d4efd05c1b5d398fb9f9097,agro_industry_and_commerce,1,1,2399.0,68.33000183105469,17
2017-10-01,461f43be3bdf8844e65b62d9ac2c7a5a,watches_gifts,16,16,2391.5999755859375,296.0900001525879,18
2017-10-01,422879e10f46682990de24d770e7f83d,garden_tools,39,22,2336.1000595092773,704.569995880127,19
2017-10-01,d5991653e037ccb7af6ed7d94246b249,computers_accessories,16,9,2206.39990234375,576.3500137329102,20
2017-10-01,e004a3b7f9524967fdb68bb70f850eb0,computers,3,3,2190.0,189.82999420166016,21
2017-10-01,17823ffd2de8234f0e885a71109613a4,unknown,8,8,2189.919921875,253.56999969482422,22
2017-10-01,2b4609f8948be18874494203496bc318,health_beauty,24,24,2159.7599487304688,397.5099973678589,23
2017-10-01,368c6c730842d78016ad823897a372db,garden_tools,36,24,2156.4000549316406,605.3099980354309,24
2017-10-01,5183344b5357029cfd88c7f511ed876d,musical_instruments,1,1,1999.0,40.310001373291016,25
2017-10-01,0db4869ac8a908414823d44d742f5ba3,office_furniture,10,3,1981.9000549316406,649.6499938964844,26
2017-10-01,3a65f793b3e854ca1f31c6d7c636f117,computers_accessories,1,1,1980.0,29.6200008392334,27
2017-10-01,d982791b03ad95faaa03fc746ad04672,computers_accessories,2,2,1970.0899658203125,57.6200008392334,28
2017-10-01,992197904e1d4f0bf3994652373188e4,food_drink,9,8,1940.0399780273438,211.6399974822998,29
2017-10-01,7b35be468d9795a7529f65c50ec87668,watches_gifts,3,3,1873.0,55.79999923706055,30
2017-10-01,389d119b48cf3043d311335e499d9c6b,garden_tools,31,24,1856.900047302246,545.4599990844727,31
2017-10-01,90b58782fdd04cb829667fcc41fb65f5,office_furniture,10,3,1839.9000549316406,579.680004119873,32
2017-10-01,a2ff5a97bf95719e38ea2e3b4105bce8,small_appliances,2,2,1790.0,42.040000915527344,33
2017-10-01,0a57f7d2c983bcf8188589a5fea4a8da,watches_gifts,16,16,1788.400016784668,246.2600040435791,34
2017-10-01,8ed094bfe076c568f6bb10feada3f75d,office_furniture,9,5,1772.9100494384766,291.38000106811523,35
2017-10-01,165f86fe8b799a708a20ee4ba125c289,cool_stuff,12,12,1763.8800659179688,225.06000137329102,36
2017-10-01,53ea9da485f6aed8a6f03a85831fe021,watches_gifts,7,7,1749.9300384521484,117.89999961853027,37
2017-10-01,78819ab10b4a44927c832a21c06849e0,computers_accessories,3,3,1740.81005859375,58.529998779296875,38
2017-10-01,34b91723112fa9ebf6b4d6b4db4a6741,toys,3,3,1737.0,61.89999771118164,39
2017-10-01,7a10781637204d8d10485c71a6108a2e,watches_gifts,8,8,1729.199951171875,152.79999828338623,40
2017-10-01,437ae72c066abf24996b52549bbb6432,industry_commerce_and_business,1,1,1699.989990234375,87.7300033569336,41
2017-10-01,9bc0b0cf5d074be7d532d216a92ec874,kitchen_dining_laundry_garden_furniture,3,2,1692.0,505.6000061035156,42
2017-10-01,4d0322b5ddf89ce6a3564aca2e261a3a,garden_tools,1,1,1688.0,67.20999908447266,43
2017-10-01,5c478d826b60d0f057579a180fae4b05,computers_accessories,3,1,1653.0,61.02000045776367,44
2017-10-01,54d7ad85b648d3cb2b7069ed446d7f35,computers_accessories,11,3,1649.0100402832031,187.52999863028526,45
2017-10-01,c4baedd846ed09b85f78a781b522f126,garden_tools,17,17,1619.9299850463867,698.519998550415,46
2017-10-01,4413a608a42bd21bbf9d5abbd58c249a,cool_stuff,11,11,1616.8900604248047,248.0999984741211,47
2017-10-01,a6b5c06253205267d5a66952a4524a83,garden_tools,2,1,1610.0,100.18000030517578,48
2017-10-01,bc4cd4da98dd128c39bf0b8c2674032f,computers,1,1,1599.989990234375,35.650001525878906,49
2017-10-01,38c56c5c5b16958d95bf8254498ad555,watches_gifts,2,2,1598.0,34.760000228881836,50
2017-11-01,6a162a899a815ed15db1689e8efc976c,cool_stuff,10,10,6349.000244140625,223.08999824523926,1
2017-11-01,dc404a1496a08f9f5540c8b5d4b92925,toys,21,21,6299.789794921875,481.08999824523926,2
2017-11-01,c183fd5d2abf05873fa6e1014ed9e06c,agro_industry_and_commerce,6,1,5934.599853515625,146.93999862670898,3
2017-11-01,588531f8ec37e7d5ff5b7b22ea0488f8,computers,4,4,5748.0,162.0399932861328,4
2017-11-01,422879e10f46682990de24d770e7f83d,garden_tools,91,72,4769.700035095215,1553.1399822235107,5
2017-11-01,389d119b48cf3043d311335e499d9c6b,garden_tools,87,64,4712.190059661865,1398.5999956130981,6
2017-11-01,223d34a3d9334039f5ff9511dc044bbb,telephony,18,16,4439.159912109375,442.1299991607666,7
2017-11-01,53759a2ecddad2bb87a079a1f1519f73,garden_tools,82,67,4397.700050354004,1460.2399988174438,8
2017-11-01,431d674f9a4fbd0957ecf6ba3fcb6899,telephony,17,14,4328.899932861328,332.01000213623047,9
2017-11-01,5f504b3a1c75b73d6151be81eb05bdc9,cool_stuff,7,7,4270.0,535.6800079345703,10
2017-11-01,165f86fe8b799a708a20ee4ba125c289,cool_stuff,27,27,4248.73014831543,562.5999984741211,11
2017-11-01,f819f0c84a64f02d3a5606ca95edd272,watches_gifts,6,6,4134.0,159.63999938964844,12
2017-11-01,a5215a7a9f46c4185b12f38e9ddf2abc,computers,3,3,4020.0,130.36000442504883,13
2017-11-01,bb50f2e236e5eea0100680137654686c,health_beauty,12,12,3900.0,203.9300012588501,14
2017-11-01,09481a6dfe9eb590dc8b265b54dc4c97,computers_accessories,4,4,3848.7000732421875,144.3800048828125,15
2017-11-01,368c6c730842d78016ad823897a372db,garden_tools,69,56,3711.700035095215,1261.010006904602,16
2017-11-01,461f43be3bdf8844e65b62d9ac2c7a5a,watches_gifts,26,25,3660.0,498.48000144958496,17
2017-11-01,99a4788cb24856965c36a24e339b6058,bed_bath_table,40,39,3596.0000610351562,651.7600154876709,18
2017-11-01,6cdd53843498f92890544667809f1595,health_beauty,11,11,3543.499969482422,225.2600040435791,19
2017-11-01,aca2eb7d00ea1a7b8ebd4e68314663af,furniture_decor,44,32,3300.0,709.8400039672852,20
2017-11-01,011ae9863bd5b15e528a16dd8ceb4772,toys,5,5,3249.5001220703125,110.9900016784668,21
2017-11-01,c5b72065154ec27c2d1ed8a654c3348f,watches_gifts,17,16,3244.1100311279297,288.5500030517578,22
2017-11-01,e0d64dcfaa3b6db5c54ca298ae101d05,watches_gifts,18,18,3139.800003051758,377.86999893188477,23
2017-11-01,d285360f29ac7fd97640bf0baef03de0,watches_gifts,9,9,3111.3599853515625,128.48000240325928,24
2017-11-01,4c2394abfbac7ff59ec7a420918562fa,health_beauty,36,35,3059.639923095703,626.7000007629395,25
2017-11-01,2b69866f22de8dad69c976771daba91c,agro_industry_and_commerce,1,1,2990.0,194.5500030517578,26
2017-11-01,797897e182469fff3c330560d2fc851f,health_beauty,1,1,2899.0,39.16999816894531,27
2017-11-01,43944a8f8f0b7ae86b6c3d3c2f257375,home_appliances,4,4,2796.0,182.34000396728516,28
2017-11-01,1dec4c88c685d5a07bf01dcb0f8bf9f8,auto,5,5,2795.0,223.98999786376953,29
2017-11-01,6dde44b4172999f35f08654d06bad633,office_furniture,14,6,2729.860076904297,876.7599868774414,30
2017-11-01,86fb7ef6ee1ffa3832f09b1a1552e7e6,computers_accessories,2,1,2700.0,59.880001068115234,31
2017-11-01,d1c427060a0f73f6b889a5c7c61f2ac4,computers_accessories,18,17,2699.820098876953,765.3100070953369,32
2017-11-01,b3bcd6f54c943fecf8f51e0b988e5cc9,health_beauty,2,2,2599.800048828125,85.51000213623047,33
2017-11-01,c4baedd846ed09b85f78a781b522f126,garden_tools,28,25,2519.719940185547,1101.4300079345703,34
2017-11-01,d5991653e037ccb7af6ed7d94246b249,computers_accessories,18,12,2482.1998901367188,709.180009841919,35
2017-11-01,982cc4c1cdb785c9cb1f2e48c1e4f903,watches_gifts,1,1,2400.0,29.68000030517578,36
2017-11-01,e9e425171123c1c10c30c2c7379b9544,watches_gifts,1,1,2400.0,52.119998931884766,37
2017-11-01,f22c9d6ce2431ff939aad39e026cc7ef,auto,2,2,2399.800048828125,69.44000244140625,38
2017-11-01,ba58dd885694fa6a278aa4217365680a,musical_instruments,1,1,2399.0,17.0,39
2017-11-01,7a10781637204d8d10485c71a6108a2e,watches_gifts,12,11,2395.199951171875,237.5400047302246,40
2017-11-01,42a2c92a0979a949ca4ea89ec5c7b934,housewares,40,31,2356.0000610351562,773.520001411438,41
2017-11-01,52c80cedd4e90108bf4fa6a206ef6b03,garden_tools,13,13,2339.870071411133,560.8400039672852,42
2017-11-01,2b4609f8948be18874494203496bc318,health_beauty,26,26,2339.739944458008,441.75000381469727,43
2017-11-01,cc7e60cc41c667212b37102362120438,housewares,2,2,2300.0,112.1400032043457,44
2017-11-01,fe6a9515d655fa7936b8a7c841039f34,cool_stuff,9,7,2249.0999450683594,529.419994354248,45
2017-11-01,6eefea74d72822573892405c674918e6,cool_stuff,1,1,2199.0,139.47999572753906,46
2017-11-01,84f456958365164420cfc80fbe4c7fab,bed_bath_table,22,20,2178.0,413.5200071334839,47
2017-11-01,fe59a1e006df3ac42bf0ceb876d70969,computers_accessories,3,3,2111.7000732421875,191.02000045776367,48
2017-11-01,38faaf77a4cd4dfb50ea8512e66285b0,watches_gifts,3,3,2069.969970703125,50.40000057220459,49
2017-11-01,bef6177f54efb9a6218e124b629fc152,perfumery,6,6,2039.3999633789062,104.29999828338623,50
2017-12-01,1dec4c88c685d5a07bf01dcb0f8bf9f8,auto,17,17,9603.0,862.2700119018555,1
2017-12-01,7a10781637204d8d10485c71a6108a2e,watches_gifts,28,28,6287.1998291015625,489.63001918792725,2
2017-12-01,a5215a7a9f46c4185b12f38e9ddf2abc,computers,4,3,5360.0,132.68000411987305,3
2017-12-01,165f86fe8b799a708a20ee4ba125c289,cool_stuff,29,29,4842.710159301758,709.6699981689453,4
2017-12-01,a04087ab6a96ffa041f8a2701a72b616,computers,8,7,4792.0,474.84000396728516,5
2017-12-01,1e5428c428e0f783acd6e3d94ba4ee2a,computers,8,6,4792.0,407.950008392334,6
2017-12-01,b1d207586fca400a2370d50a9ba1da98,unknown,32,31,4768.0,373.72000217437744,7
2017-12-01,4c2394abfbac7ff59ec7a420918562fa,health_beauty,50,48,4249.499893188477,812.2299995422363,8
2017-12-01,5a848e4ab52fd5445cdc07aab1c40e48,unknown,32,32,3935.679931640625,435.1499967575073,9
2017-12-01,d285360f29ac7fd97640bf0baef03de0,watches_gifts,11,11,3836.7998657226562,177.13000392913818,10
2017-12-01,aca2eb7d00ea1a7b8ebd4e68314663af,furniture_decor,47,35,3525.0,819.9800071716309,11
2017-12-01,d1c427060a0f73f6b889a5c7c61f2ac4,computers_accessories,23,23,3449.7701263427734,887.1100158691406,12
2017-12-01,69d3ff4f45d52d69e4b06760e0e154e2,musical_instruments,3,3,3404.719970703125,71.36000061035156,13
2017-12-01,b4436da747c3a53ab07ac0e71de17dcd,sports_leisure,2,2,3198.0,96.54000091552734,14
2017-12-01,0c104824e973388d487c67a3d346e96d,health_beauty,1,1,3124.0,173.39999389648438,15
2017-12-01,24c66f106f642621e524291a895c9032,health_beauty,19,19,3048.099884033203,365.32000827789307,16
2017-12-01,25c38557cf793876c5abdd5931f922db,baby,3,3,3027.0,68.86000061035156,17
2017-12-01,bea978771d1c453faf756fa71f3bdd70,toys,10,10,2999.89990234375,153.63000011444092,18
2017-12-01,422879e10f46682990de24d770e7f83d,garden_tools,51,28,2881.6000213623047,803.7400093078613,19
2017-12-01,52c80cedd4e90108bf4fa6a206ef6b03,garden_tools,15,15,2759.850082397461,713.9100151062012,20
2017-12-01,afeeea6271148ee1bb15173b8187c431,telephony,14,12,2703.699920654297,333.01000690460205,21
2017-12-01,e51071c4622d7a15494656e912c8d55b,watches_gifts,1,1,2700.0,34.65999984741211,22
2017-12-01,a233df9a388d27dbdfd31731d4236db0,computers_accessories,1,1,2649.989990234375,83.63999938964844,23
2017-12-01,1a080577618e7fe4d9ddd8fb2b47a964,watches_gifts,4,4,2476.0,68.26000022888184,24
2017-12-01,368c6c730842d78016ad823897a372db,garden_tools,44,28,2468.6000213623047,759.7600002288818,25
2017-12-01,6cdd53843498f92890544667809f1595,health_beauty,7,7,2449.2999572753906,203.64999961853027,26
2017-12-01,fb55982be901439613a95940feefd9ee,stationery,31,29,2449.0,626.4099864959717,27
2017-12-01,c4baedd846ed09b85f78a781b522f126,garden_tools,27,26,2429.7299423217773,1037.2400016784668,28
2017-12-01,20332c1e41e427864b3561a657caaf0d,watches_gifts,2,2,2399.800048828125,43.89999961853027,29
2017-12-01,3225c54bb2785c33f49f50398fcdb88c,watches_gifts,8,8,2392.0,128.22000122070312,30
2017-12-01,0a57f7d2c983bcf8188589a5fea4a8da,watches_gifts,19,18,2374.8999557495117,329.31999588012695,31
2017-12-01,53759a2ecddad2bb87a079a1f1519f73,garden_tools,40,31,2232.6000213623047,700.6999998092651,32
2017-12-01,cd2f5c10e4e8dbc701f0bb68a09fdfe8,agro_industry_and_commerce,1,1,2199.0,116.83000183105469,33
2017-12-01,f819f0c84a64f02d3a5606ca95edd272,watches_gifts,3,3,2097.0,88.72000122070312,34
2017-12-01,4413a608a42bd21bbf9d5abbd58c249a,cool_stuff,12,11,2003.8800659179688,232.58000087738037,35
2017-12-01,8b502ca34e28d30605bc667b965b6abf,watches_gifts,1,1,1999.9000244140625,27.75,36
2017-12-01,5ca5d42f98d39aa421923c2fde2c1558,small_appliances,2,2,1996.0,69.32999801635742,37
2017-12-01,b596e2d70dd2f5fb5ff9ee2a1c803e5b,sports_leisure,8,8,1994.9200439453125,243.79000282287598,38
2017-12-01,b623b7cb05ee3248fbe4a6ecbeed79a4,toys,28,22,1987.1600341796875,474.31000328063965,39
2017-12-01,bb50f2e236e5eea0100680137654686c,health_beauty,6,6,1950.0,105.5,40
2017-12-01,25e2023ed83352bde98dc1490d14c3d8,toys,16,15,1919.8399658203125,246.70999908447266,41
2017-12-01,c04e948c6900ce99ac47d89b3b6d70cd,cool_stuff,2,2,1900.0,208.2699966430664,42
2017-12-01,67a1e52f1184a4ffecff3b0a80d00889,furniture_decor,1,1,1899.0,97.31999969482422,43
2017-12-01,2423252b2432f1803e4f29e0974c6cf7,toys,11,10,1868.8999328613281,183.68000507354736,44
2017-12-01,4aa6014eceb682077f9dc4bffebc05b0,housewares,7,7,1805.0,305.2700023651123,45
2017-12-01,7c8e2b381bb0fcba5b368961d7823cd2,computers,3,3,1797.0,159.80000495910645,46
2017-12-01,9bfc55df037ce3ac01bfd84781adf7e5,audio,3,3,1796.969970703125,72.62000179290771,47
2017-12-01,5cd07c84a1c25575ac2fc3fa73f1d952,toys,3,3,1793.7000732421875,60.09000015258789,48
2017-12-01,389d119b48cf3043d311335e499d9c6b,garden_tools,32,28,1769.7000198364258,613.8999977111816,49
2017-12-01,8317b177579dd27ff068b83205e2169b,cool_stuff,9,8,1763.0999450683594,128.830002784729,50
2018-01-01,aca2eb7d00ea1a7b8ebd4e68314663af,furniture_decor,122,107,8538.000183105469,2154.899990081787,1
2018-01-01,d1c427060a0f73f6b889a5c7c61f2ac4,computers_accessories,43,37,6746.900054931641,1582.709976196289,2
2018-01-01,4df83a41105e00e0845b9d12b5fe601c,watches_gifts,8,8,6726.3001708984375,134.10000038146973,3
2018-01-01,b4436da747c3a53ab07ac0e71de17dcd,sports_leisure,4,4,6396.0,362.13999938964844,4
2018-01-01,16c4e87b98a9370a9cbc3a4658a3f45b,musical_instruments,3,3,5991.0,225.54000091552734,5
2018-01-01,a04087ab6a96ffa041f8a2701a72b616,computers,9,9,5653.0,612.2100028991699,6
2018-01-01,36f60d45225e60c7da4558b070ce4b60,computers_accessories,57,47,5453.959976196289,697.6299977302551,7
2018-01-01,5a848e4ab52fd5445cdc07aab1c40e48,unknown,42,42,5165.57991027832,625.949990272522,8
2018-01-01,a62e25e09e05e6faf31d90c6ec1aa3d1,watches_gifts,44,27,4752.0,712.6400146484375,9
2018-01-01,f819f0c84a64f02d3a5606ca95edd272,watches_gifts,7,7,4650.0,140.6400032043457,10
2018-01-01,5411e9269501a870cabf632f05655131,stationery,36,35,4644.0,753.3199920654297,11
2018-01-01,657247f6f60543b93e3cc708a8e6329c,luggage_accessories,17,17,4232.830093383789,937.9100151062012,12
2018-01-01,6cdd53843498f92890544667809f1595,health_beauty,12,12,4198.7999267578125,340.97000312805176,13
2018-01-01,dd113cb02b2af9c8e5787e8f1f0722f6,sports_leisure,1,1,3690.0,136.8000030517578,14
2018-01-01,3dd2a17168ec895c781a9191c1e95ad7,computers_accessories,22,22,3307.7998657226562,496.0500078201294,15
2018-01-01,bb50f2e236e5eea0100680137654686c,health_beauty,10,10,3250.0,198.23999881744385,16
2018-01-01,038e3a669bb495e56d9d609d874fb668,sports_leisure,2,2,3198.0,237.6699981689453,17
2018-01-01,25c38557cf793876c5abdd5931f922db,baby,3,3,3107.0,311.4299907684326,18
2018-01-01,e53e557d5a159f5aa2c5e995dfdf244b,computers_accessories,29,28,2831.5499877929688,430.54999923706055,19
2018-01-01,656e0eca68dcecf6a31b8ececfabe3e8,computers_accessories,31,25,2795.1400756835938,436.5799946784973,20
2018-01-01,4aa6014eceb682077f9dc4bffebc05b0,housewares,10,8,2742.0,469.1700019836426,21
2018-01-01,8c292ca193d326152e335d77176746f0,health_beauty,18,17,2700.0,284.4000024795532,22
2018-01-01,52c80cedd4e90108bf4fa6a206ef6b03,garden_tools,14,14,2629.9600219726562,539.5300006866455,23
2018-01-01,638bbb2a5e4f360b71f332ddfebfd672,construction_tools_construction,2,2,2598.0,182.11000061035156,24
2018-01-01,b36f3c918c91478c4559160022d3f14e,unknown,17,17,2550.0,173.35000324249268,25
2018-01-01,f4f67ccaece962d013a4e1d7dc3a61f7,auto,11,11,2519.439926147461,259.0999984741211,26
2018-01-01,332842d24e84234cd91299a225de76ab,watches_gifts,6,5,2394.0,111.27000427246094,27
2018-01-01,b1d207586fca400a2370d50a9ba1da98,unknown,16,12,2384.0,164.14000129699707,28
2018-01-01,cac9e5692471a0700418aa3400b9b2b1,baby,19,19,2374.809959411621,292.2899980545044,29
2018-01-01,90f39a309a8c05fa7aa4ef02178059cb,stationery,8,8,2319.199951171875,128.62000370025635,30
2018-01-01,7b35be468d9795a7529f65c50ec87668,watches_gifts,4,4,2316.0,68.69999885559082,31
2018-01-01,79c0ace2ccf0da036e787875a49151a4,kitchen_dining_laundry_garden_furniture,6,6,2274.0,360.0399932861328,32
2018-01-01,e44f675b60b3a3a2453ec36421e06f0f,sports_leisure,21,18,2247.0,299.060001373291,33
2018-01-01,54d9ac713e253fa1fae9c8003b011c2a,cool_stuff,76,76,2242.0,1256.4799900054932,34
2018-01-01,ad88641611c35ebd59ecda07a9f17099,unknown,14,14,2208.780059814453,195.9600019454956,35
2018-01-01,7a10781637204d8d10485c71a6108a2e,watches_gifts,10,10,2207.699981689453,204.9600009918213,36
2018-01-01,f69581741831e1dcd24e28e299ad36ff,small_appliances,2,2,2196.0,151.67999267578125,37
2018-01-01,165f86fe8b799a708a20ee4ba125c289,cool_stuff,13,13,2170.870071411133,328.7199993133545,38
2018-01-01,87feb07adc221a4c6cdf051ea1afd0ff,home_appliances_2,1,1,2110.0,42.91999816894531,39
2018-01-01,cc3181a81384b6fc34602d49cb6068a6,home_appliances_2,2,2,2108.0,128.10000610351562,40
2018-01-01,5fb1e24560c31b0eaa1911d4247187ed,toys,8,8,2079.199951171875,192.23999786376953,41
2018-01-01,fb01a5fc09b9b9563c2ee41a22f07d54,consoles_games,3,3,2069.6700439453125,91.67000007629395,42
2018-01-01,23e44bcf966914b366c7e28f13327dfe,garden_tools,1,1,2029.0,63.86000061035156,43
2018-01-01,f3b82a9bd4330abce1d6fc15a966e6d7,health_beauty,3,3,2015.6700439453125,73.01000213623047,44
2018-01-01,c389f712c4b4510bc997cee93e8b1a28,luggage_accessories,7,7,2013.0,320.70000076293945,45
2018-01-01,d7f8b7443f6ae5796dabe493521a1e79,industry_commerce_and_business,2,2,1961.800048828125,411.72999572753906,46
2018-01-01,368c6c730842d78016ad823897a372db,garden_tools,39,31,1946.1000595092773,643.7000064849854,47
2018-01-01,0a9b9a871ffaec6c0198334558a6c6a1,small_appliances,2,2,1899.97998046875,114.40999984741211,48
2018-01-01,09481a6dfe9eb590dc8b265b54dc4c97,computers_accessories,2,2,1899.800048828125,209.4600067138672,49
2018-01-01,4b5e26931a0b0d3a690a3f520329a975,sports_leisure,9,9,1890.0,352.2300033569336,50
2018-02-01,3dd2a17168ec895c781a9191c1e95ad7,computers_accessories,69,64,10343.099578857422,1832.1500043869019,1
2018-02-01,bb50f2e236e5eea0100680137654686c,health_beauty,23,23,7475.0,359.6700038909912,2
2018-02-01,e53e557d5a159f5aa2c5e995dfdf244b,computers_accessories,71,57,5581.800086975098,1032.0499911308289,3
2018-02-01,fb01a5fc09b9b9563c2ee41a22f07d54,consoles_games,8,8,5519.1201171875,270.3600025177002,4
2018-02-01,5a848e4ab52fd5445cdc07aab1c40e48,unknown,43,41,5288.56990814209,666.6099863052368,5
2018-02-01,6cdd53843498f92890544667809f1595,health_beauty,15,15,5248.499908447266,348.08000564575195,6
2018-02-01,d1c427060a0f73f6b889a5c7c61f2ac4,computers_accessories,31,29,4619.0,1276.0599784851074,7
2018-02-01,7a10781637204d8d10485c71a6108a2e,watches_gifts,21,21,4319.399963378906,438.94999980926514,8
2018-02-01,25c38557cf793876c5abdd5931f922db,baby,4,4,4216.7000732421875,96.52999877929688,9
2018-02-01,f819f0c84a64f02d3a5606ca95edd272,watches_gifts,6,6,3675.0,408.23999786376953,10
2018-02-01,a62e25e09e05e6faf31d90c6ec1aa3d1,watches_gifts,33,26,3564.0,602.3700122833252,11
2018-02-01,36f60d45225e60c7da4558b070ce4b60,computers_accessories,45,40,3465.8000564575195,518.0899937152863,12
2018-02-01,19936fa4f614ee0590d3b77ac83fd648,fixed_telephony,2,1,3300.0,58.2400016784668,13
2018-02-01,11250b0d4b709fee92441c5f34122aed,agro_industry_and_commerce,8,7,3296.0,239.6999969482422,14
2018-02-01,df0c26d7ddb998e2517658a55e46e48a,home_appliances_2,2,2,3122.0,142.11000061035156,15
2018-02-01,6054d161235b97a4aaccea2a086d30b8,construction_tools_safety,1,1,3099.89990234375,55.91999816894531,16
2018-02-01,aca2eb7d00ea1a7b8ebd4e68314663af,furniture_decor,44,33,3075.600067138672,709.0999946594238,17
2018-02-01,ee6c49af1a2de55aa0e076257ab4ab99,computers_accessories,21,19,3058.100067138672,372.5300121307373,18
2018-02-01,f49e985b4cb2d0543890d6dd00077663,small_appliances_home_oven_and_coffee,4,4,3000.0,176.88999938964844,19
2018-02-01,cd46a885543f0e169a49f1eb25c04e43,computers_accessories,30,28,2999.699935913086,641.4600105285645,20
2018-02-01,8c292ca193d326152e335d77176746f0,health_beauty,18,17,2700.0,309.04000091552734,21
2018-02-01,bee2e070c39f3dd2f6883a17a5f0da45,computers_accessories,15,14,2700.0,225.12000465393066,22
2018-02-01,ee406bf28024d97771c4b1e8b7e8e219,cool_stuff,18,18,2609.820098876953,327.6800022125244,23
2018-02-01,656e0eca68dcecf6a31b8ececfabe3e8,computers_accessories,30,23,2537.19002532959,422.88000202178955,24
2018-02-01,368c6c730842d78016ad823897a372db,garden_tools,48,35,2411.2000732421875,877.5300159454346,25
2018-02-01,ee3d532c8a438679776d222e997606b3,computers_accessories,24,4,2400.0,257.34999656677246,26
2018-02-01,3880d25d502b15b1de6fddc42ad1d67a,sports_leisure,2,2,2398.0,283.9100036621094,27
2018-02-01,7612afaa8218e79b3011243ed9edea9c,sports_leisure,6,6,2334.0,320.04999923706055,28
2018-02-01,d4d998605a20a7c575f53f6c8be0cde5,baby,1,1,2288.0,96.5,29
2018-02-01,79c0ace2ccf0da036e787875a49151a4,kitchen_dining_laundry_garden_furniture,6,5,2274.0,437.5899963378906,30
2018-02-01,dbb67791e405873b259e4656bf971246,computers_accessories,28,18,2252.9000091552734,409.20999813079834,31
2018-02-01,6f3b5b605d91b7439c5e3f5a8dffeea7,watches_gifts,11,11,2250.7999877929688,187.27999782562256,32
2018-02-01,53759a2ecddad2bb87a079a1f1519f73,garden_tools,44,32,2247.600067138672,716.4699974060059,33
2018-02-01,52c80cedd4e90108bf4fa6a206ef6b03,garden_tools,12,12,2148.0,573.909990310669,34
2018-02-01,b114bf337c0626166abe574eee9e3f32,office_furniture,14,3,2099.1600341796875,322.1000099182129,35
2018-02-01,461f43be3bdf8844e65b62d9ac2c7a5a,watches_gifts,14,14,2043.9199981689453,211.81000232696533,36
2018-02-01,e59dd207c69d86e890febadc796d1078,cool_stuff,14,14,2043.280029296875,232.22000312805176,37
2018-02-01,e44f675b60b3a3a2453ec36421e06f0f,sports_leisure,19,19,2033.0,277.79999923706055,38
2018-02-01,4298b7e67dc399c200662b569563a2b2,computers_accessories,13,10,1990.6999206542969,201.05000019073486,39
2018-02-01,422879e10f46682990de24d770e7f83d,garden_tools,39,31,1970.1000595092773,647.8500061035156,40
2018-02-01,3f14d740544f37ece8a9e7bc8349797e,computers_accessories,23,20,1945.3300094604492,582.8100051879883,41
2018-02-01,99a4788cb24856965c36a24e339b6058,bed_bath_table,22,22,1911.800033569336,422.60000228881836,42
2018-02-01,218bdd5d01fa000018c777fcc2bbfebd,small_appliances,1,1,1899.050048828125,82.16999816894531,43
2018-02-01,629e019a6f298a83aeecc7877964f935,auto,16,16,1883.4000244140625,323.7899980545044,44
2018-02-01,b6106bf3d09b8fdd33c3a9559da43145,furniture_living_room,4,2,1840.0,860.3899993896484,45
2018-02-01,b3e40ff639c185b9d726b4b19c17e6cd,cool_stuff,8,8,1839.9200439453125,187.87000274658203,46
2018-02-01,389d119b48cf3043d311335e499d9c6b,garden_tools,36,28,1828.4000549316406,630.7000017166138,47
2018-02-01,1a080577618e7fe4d9ddd8fb2b47a964,watches_gifts,3,3,1816.969970703125,64.23999881744385,48
2018-02-01,e213c4ab14d85a5a4a987bb6c543a952,sports_leisure,1,1,1790.0,40.900001525878906,49
2018-02-01,05a9dadb8402b6b7ae3dd28f7da187b5,computers_accessories,12,12,1788.0,328.87999534606934,50
2018-03-01,25c38557cf793876c5abdd5931f922db,baby,19,19,18713.700073242188,658.0699996948242,1
2018-03-01,bb50f2e236e5eea0100680137654686c,health_beauty,28,28,9125.0,542.3699922561646,2
2018-03-01,3dd2a17168ec895c781a9191c1e95ad7,computers_accessories,51,46,7644.899688720703,1452.2699851989746,3
2018-03-01,8b52d90d2e8716dad633486c6cc94ecf,telephony,7,7,6923.0,160.1899995803833,4
2018-03-01,13db47eae724e2848e12b71a617a3a41,audio,14,14,6913.759948730469,299.61999225616455,5
2018-03-01,d1c427060a0f73f6b889a5c7c61f2ac4,computers_accessories,44,42,5986.0,2114.0899868011475,6
2018-03-01,6cdd53843498f92890544667809f1595,health_beauty,17,17,5948.299896240234,503.20000076293945,7
2018-03-01,5a848e4ab52fd5445cdc07aab1c40e48,unknown,48,48,5903.5198974609375,896.3299932479858,8
2018-03-01,f819f0c84a64f02d3a5606ca95edd272,watches_gifts,10,10,5542.700042724609,309.2200012207031,9
2018-03-01,bee2e070c39f3dd2f6883a17a5f0da45,computers_accessories,29,26,5220.0,472.0899953842163,10
2018-03-01,e0d64dcfaa3b6db5c54ca298ae101d05,watches_gifts,32,32,4860.109878540039,650.0399835109711,11
2018-03-01,af0a99476d96dcc1a1baa7c0d9ff6b9d,health_beauty,9,9,4838.1002197265625,257.9899959564209,12
2018-03-01,aca2eb7d00ea1a7b8ebd4e68314663af,furniture_decor,65,57,4543.500099182129,1197.6299962997437,13
2018-03-01,6cdf8fc1d741c76586d8b6b15e9eef30,consoles_games,1,1,4099.990234375,75.2699966430664,14
2018-03-01,1953c4e517bc25739bc4223ede2ff5bc,watches_gifts,1,1,3700.0,92.58999633789062,15
2018-03-01,53b36df67ebb7c41585e8d54d6772e08,watches_gifts,31,31,3640.680000305176,566.1000061035156,16
2018-03-01,2d4500a3d35334916c955b3c365dbefe,small_appliances,3,3,3597.0,71.76999855041504,17
2018-03-01,1dec4c88c685d5a07bf01dcb0f8bf9f8,auto,6,6,3534.0,528.6900062561035,18
2018-03-01,679d1a26cc192f14e7e30ae397f8b089,health_beauty,4,3,3471.080078125,86.28000259399414,19
2018-03-01,7a10781637204d8d10485c71a6108a2e,watches_gifts,16,16,3459.0,471.6300048828125,20
2018-03-01,9c5cec867c62c0ec4674b002eb1c3e0c,home_appliances,3,3,3162.0,182.65999603271484,21
2018-03-01,27274145782d0048827cb28b7786323b,small_appliances_home_oven_and_coffee,1,1,2899.0,61.04999923706055,22
2018-03-01,53ea9da485f6aed8a6f03a85831fe021,watches_gifts,12,12,2845.0,244.9399995803833,23
2018-03-01,437c05a395e9e47f9762e677a7068ce7,health_beauty,58,54,2809.650077819824,728.6799964904785,24
2018-03-01,dbb67791e405873b259e4656bf971246,computers_accessories,33,23,2735.719940185547,414.04999828338623,25
2018-03-01,ee406bf28024d97771c4b1e8b7e8e219,cool_stuff,19,19,2728.810104370117,357.1100044250488,26
2018-03-01,5237739bb5fee495dbd337755a138660,watches_gifts,3,3,2697.0,71.69000053405762,27
2018-03-01,6f3b5b605d91b7439c5e3f5a8dffeea7,watches_gifts,16,16,2680.0,274.4700040817261,28
2018-03-01,8b5227e28272123eefd613a10ffd7704,watches_gifts,5,5,2655.0,106.96999931335449,29
2018-03-01,9e261f5543c32312afa68843fabcc119,pet_shop,5,5,2650.0,211.8400001525879,30
2018-03-01,bd9fca6bf4bdcbf4094d7bc11415dfe5,small_appliances,2,2,2498.0,73.56000137329102,31
2018-03-01,16d928f7b23b3d30bd5a9ff281eed9b8,telephony,3,3,2487.0,84.80000114440918,32
2018-03-01,3225c54bb2785c33f49f50398fcdb88c,watches_gifts,9,9,2457.5899658203125,147.76999759674072,33
2018-03-01,e4d325bd1eea550509bdbbc5c3301fc1,perfumery,7,7,2449.2999572753906,149.69000053405762,34
2018-03-01,0abc19e41fdc9d6894b8cae651619253,electronics,1,1,2433.60009765625,157.00999450683594,35
2018-03-01,0d85c435fd60b277ffb9e9b0f88f927a,computers_accessories,31,28,2312.7000045776367,485.4099931716919,36
2018-03-01,52c80cedd4e90108bf4fa6a206ef6b03,garden_tools,13,13,2277.0,744.8800086975098,37
2018-03-01,2ffdf10e724b958c0f7ea69e97d32f64,watches_gifts,10,10,2240.0,257.4600028991699,38
2018-03-01,a62e25e09e05e6faf31d90c6ec1aa3d1,watches_gifts,21,14,2214.0,454.9700107574463,39
2018-03-01,e53e557d5a159f5aa2c5e995dfdf244b,computers_accessories,27,23,2187.300003051758,491.97999382019043,40
2018-03-01,1a080577618e7fe4d9ddd8fb2b47a964,watches_gifts,4,4,2168.989990234375,101.76000022888184,41
2018-03-01,b9ac7314894a193a11fd3150f8c69307,health_beauty,4,4,2139.60009765625,194.08000373840332,42
2018-03-01,3f14d740544f37ece8a9e7bc8349797e,computers_accessories,25,22,2131.9099884033203,340.53999853134155,43
2018-03-01,2bfb0bdbcea77da2879f0ef3be9a219e,consoles_games,3,3,2103.7000732421875,56.23000144958496,44
2018-03-01,d6fe3b4ddecd4a8393c6a1385de3bfb6,office_furniture,11,4,2086.6700134277344,456.15000915527344,45
2018-03-01,7b0837837bc77c47aff31afc04286281,garden_tools,4,4,2000.0,64.07999801635742,46
2018-03-01,fb10e89a4e9198e408db587983f3eb9e,watches_gifts,1,1,1999.9000244140625,28.75,47
2018-03-01,5ca5d42f98d39aa421923c2fde2c1558,small_appliances,2,2,1996.0,101.13999938964844,48
2018-03-01,d0825229639d1afa9bd533314e27d7c8,furniture_decor,5,1,1995.0,281.1000061035156,49
2018-03-01,4298b7e67dc399c200662b569563a2b2,computers_accessories,13,11,1942.6999206542969,190.92000102996826,50
2018-04-01,25c38557cf793876c5abdd5931f922db,baby,9,9,9842.919921875,269.74000358581543,1
2018-04-01,53b36df67ebb7c41585e8d54d6772e08,watches_gifts,85,80,8961.490097045898,185.43999934196472,2
2018-04-01,16c4e87b98a9370a9cbc3a4658a3f45b,musical_instruments,4,4,7560.0,389.92999267578125,3
2018-04-01,bb50f2e236e5eea0100680137654686c,health_beauty,21,21,6930.0,363.4900016784668,4
2018-04-01,d1c427060a0f73f6b889a5c7c61f2ac4,computers_accessories,56,52,6764.0,1526.1700057983398,5
2018-04-01,caaa713799b547352795c831a14f1c3c,computers,7,7,5949.929931640625,284.25999450683594,6
2018-04-01,2948658cb6abc82847412be7201bfc4c,health_beauty,51,47,5850.0,1417.7400016784668,7
2018-04-01,aca2eb7d00ea1a7b8ebd4e68314663af,furniture_decor,83,69,5801.700126647949,752.9400072097778,8
2018-04-01,13db47eae724e2848e12b71a617a3a41,audio,11,11,5499.889892578125,217.56999254226685,9
2018-04-01,3dd2a17168ec895c781a9191c1e95ad7,computers_accessories,35,34,5246.499786376953,1057.959994316101,10
2018-04-01,cda8b19a05af621d957a97a979b6fa9a,baby,2,2,4220.0,405.3199920654297,11
2018-04-01,87feb07adc221a4c6cdf051ea1afd0ff,home_appliances_2,2,2,4220.0,86.69999694824219,12
2018-04-01,9c5cec867c62c0ec4674b002eb1c3e0c,home_appliances,4,4,4216.0,383.32000732421875,13
2018-04-01,bb3542bf40cc975720ee44d03fcf0cd8,home_appliances_2,2,2,4140.0,76.13999938964844,14
2018-04-01,0433830caca22b01a0f477d31307b043,small_appliances_home_oven_and_coffee,2,2,3998.0,211.06999969482422,15
2018-04-01,6f3b5b605d91b7439c5e3f5a8dffeea7,watches_gifts,26,26,3908.899932861328,455.04999256134033,16
2018-04-01,1a080577618e7fe4d9ddd8fb2b47a964,watches_gifts,7,7,3850.0,146.6699981689453,17
2018-04-01,4e11734666acc305a4649de43f0bd181,computers,6,4,3635.0,348.64000129699707,18
2018-04-01,ddceb6eef6af67e9fbbd4c148dbe5fd9,cool_stuff,16,16,3409.9400329589844,366.4299964904785,19
2018-04-01,34f99d82cfc355d08d8db780d14aa002,computers,1,1,3399.989990234375,126.47000122070312,20
2018-04-01,e5188da1834c44869e7f0b1b2c0b4c14,computers_accessories,3,2,3300.0,71.04999923706055,21
2018-04-01,4aa6014eceb682077f9dc4bffebc05b0,housewares,11,11,3299.889892578125,314.0400056838989,22
2018-04-01,df0c26d7ddb998e2517658a55e46e48a,home_appliances_2,2,2,3260.0,210.31000137329102,23
2018-04-01,6e729bd456c54469a9af4c8774f1eab7,garden_tools,1,1,3105.0,104.72000122070312,24
2018-04-01,f49e985b4cb2d0543890d6dd00077663,small_appliances_home_oven_and_coffee,4,4,3070.0,278.6099967956543,25
2018-04-01,8ed094bfe076c568f6bb10feada3f75d,office_furniture,17,10,3030.2998962402344,1393.1000137329102,26
2018-04-01,938e036a795cdacb18ed3c5a598f6cf0,small_appliances_home_oven_and_coffee,2,2,2998.0,80.23999786376953,27
2018-04-01,0c9439abe84dc40a64fc164365c4d064,drinks,10,1,2849.89990234375,168.70000839233398,28
2018-04-01,817880704f1fcf911b4342385f701fc1,health_beauty,1,1,2799.64990234375,38.56999969482422,29
2018-04-01,15151e8a937f6a4d1a4f0c03c765c6f2,garden_tools,1,1,2749.0,69.73999786376953,30
2018-04-01,3a1855685a49813f60e6193864f7215e,baby,1,1,2699.0,306.05999755859375,31
2018-04-01,254689a977285f8dd17c32b30870e933,baby,3,3,2667.0,77.90999794006348,32
2018-04-01,7a10781637204d8d10485c71a6108a2e,watches_gifts,13,13,2657.0,53.150001525878906,33
2018-04-01,1cc61b32763a4d816212b3507b6b6c59,books_general_interest,5,5,2624.5001220703125,148.2400016784668,34
2018-04-01,422879e10f46682990de24d770e7f83d,garden_tools,46,37,2479.4000701904297,242.9600009918213,35
2018-04-01,6cdd53843498f92890544667809f1595,health_beauty,7,7,2449.2999572753906,179.48999881744385,36
2018-04-01,a859dc323c1bebb21c887054599fccce,telephony,1,1,2428.0,29.440000534057617,37
2018-04-01,15859e3a8aaa3c192c10a91d8722abd5,health_beauty,8,7,2399.199951171875,140.51000118255615,38
2018-04-01,bd9fca6bf4bdcbf4094d7bc11415dfe5,small_appliances,2,2,2398.0,42.60000038146973,39
2018-04-01,2de5ba5ce28a5db125376077071370fd,cool_stuff,1,1,2299.949951171875,89.83000183105469,40
2018-04-01,25292482a61cb3298df8dbe15ea69daf,health_beauty,2,2,2299.300048828125,42.27000045776367,41
2018-04-01,fb01a5fc09b9b9563c2ee41a22f07d54,consoles_games,3,3,2254.97998046875,84.34000015258789,42
2018-04-01,a62e25e09e05e6faf31d90c6ec1aa3d1,watches_gifts,21,18,2205.0,286.2600107192993,43
2018-04-01,9da950e8c8c482441f1b93955b21c827,cool_stuff,10,9,2129.9600219726562,212.3899974822998,44
2018-04-01,28609f55cdcc0e20aa621696e53c7075,home_appliances,3,3,2097.0,61.040000915527344,45
2018-04-01,e59dd207c69d86e890febadc796d1078,cool_stuff,14,14,2072.0,201.2199993133545,46
2018-04-01,349ce46a0e2e20054aa9d80c48af8816,construction_tools_lights,17,16,2040.0,264.69999504089355,47
2018-04-01,bcac6651b527e7de1413038c0df100d7,watches_gifts,2,2,1999.800048828125,76.94000053405762,48
2018-04-01,5183344b5357029cfd88c7f511ed876d,musical_instruments,1,1,1999.0,49.119998931884766,49
2018-04-01,52c80cedd4e90108bf4fa6a206ef6b03,garden_tools,11,11,1969.0,314.959997177124,50
2018-05-01,53b36df67ebb7c41585e8d54d6772e08,watches_gifts,114,107,11820.200134277344,10.87999963760376,1
2018-05-01,3dd2a17168ec895c781a9191c1e95ad7,computers_accessories,52,44,7794.7996826171875,985.0399942398071,2
2018-05-01,aca2eb7d00ea1a7b8ebd4e68314663af,furniture_decor,92,74,6430.800140380859,349.75000762939453,3
2018-05-01,87feb07adc221a4c6cdf051ea1afd0ff,home_appliances_2,3,3,6330.0,189.9199981689453,4
2018-05-01,bb50f2e236e5eea0100680137654686c,health_beauty,19,19,6270.0,299.20999813079834,5
2018-05-01,d285360f29ac7fd97640bf0baef03de0,watches_gifts,23,23,5956.299957275391,313.5200023651123,6
2018-05-01,16c4e87b98a9370a9cbc3a4658a3f45b,musical_instruments,3,3,5688.0,493.10999298095703,7
2018-05-01,0433830caca22b01a0f477d31307b043,small_appliances_home_oven_and_coffee,3,3,5397.0,106.24999809265137,8
2018-05-01,af751fe756699bddfce4fdd67242fc2a,computers_accessories,4,3,5040.0,223.46999740600586,9
2018-05-01,1f411e9a31196b71ed8438c8254b858e,computers,8,3,4959.919921875,302.49999237060547,10
2018-05-01,57c9362442482cd2451f2eabf468e532,watches_gifts,5,5,4955.969970703125,93.74000072479248,11
2018-05-01,0abc19e41fdc9d6894b8cae651619253,electronics,2,2,4941.0,271.40999603271484,12
2018-05-01,6f3b5b605d91b7439c5e3f5a8dffeea7,watches_gifts,30,30,4355.0,487.7699947357178,13
2018-05-01,e0d64dcfaa3b6db5c54ca298ae101d05,watches_gifts,32,32,4240.999969482422,504.3899917602539,14
2018-05-01,89b121bee266dcd25688a1ba72eefb61,computers_accessories,50,46,3995.0000762939453,579.8499975204468,15
2018-05-01,0563d4cc419141eab2e5b438046e844e,garden_tools,1,1,3930.0,49.54999923706055,16
2018-05-01,a62e25e09e05e6faf31d90c6ec1aa3d1,watches_gifts,37,24,3885.0,420.96000576019287,17
2018-05-01,7c55ea4aea1acf1ce11440010f5aa298,housewares,9,9,3591.0,266.310001373291,18
2018-05-01,6cdd53843498f92890544667809f1595,health_beauty,10,6,3513.0999450683594,385.6999969482422,19
2018-05-01,ff92ca9bb0b3f4ec00a9b76c9f68cb3a,small_appliances_home_oven_and_coffee,4,4,3435.60009765625,91.47999954223633,20
2018-05-01,7a10781637204d8d10485c71a6108a2e,watches_gifts,17,17,3383.0,0.0,21
2018-05-01,a56af7192032f295ac582a2d70e4caba,telephony,5,5,3311.0,70.29999923706055,22
2018-05-01,1cc61b32763a4d816212b3507b6b6c59,books_general_interest,6,6,3149.400146484375,204.33999633789062,23
2018-05-01,f96ff9b997681965689f78bef092fdd9,health_beauty,4,4,3092.0,96.9799976348877,24
2018-05-01,8ed094bfe076c568f6bb10feada3f75d,office_furniture,17,11,3054.2998962402344,795.4099941253662,25
2018-05-01,928e52a9ad53a294fdcc91bcf59d1751,housewares,23,10,2990.0,353.13999938964844,26
2018-05-01,422879e10f46682990de24d770e7f83d,garden_tools,56,33,2982.4000854492188,602.1699953079224,27
2018-05-01,8b5227e28272123eefd613a10ffd7704,watches_gifts,6,6,2979.0,71.46000003814697,28
2018-05-01,d1c427060a0f73f6b889a5c7c61f2ac4,computers_accessories,25,24,2975.0,980.4299874305725,29
2018-05-01,1dec4c88c685d5a07bf01dcb0f8bf9f8,auto,5,5,2815.0,480.4300079345703,30
2018-05-01,19c91ef95d509ea33eda93495c4d3481,health_beauty,23,23,2759.769950866699,726.3999977111816,31
2018-05-01,8f211599d0cde9d8551a6984d758e1f4,housewares,2,2,2755.0,134.42000198364258,32
2018-05-01,44c7b85d371365e52230e2e0efb8e0d8,health_beauty,1,1,2749.64990234375,38.220001220703125,33
2018-05-01,e63cb7bb4e916e643c1d4785da2b2846,health_beauty,1,1,2699.0,129.4199981689453,34
2018-05-01,0bbdc963004d9b2fd3427ee3c5ae3608,sports_leisure,9,8,2691.0,142.07000064849854,35
2018-05-01,86999f823d7791c5796d506ae0ed44ea,garden_tools,1,1,2689.0,70.94999694824219,36
2018-05-01,f8b624d4e475bb8d1bddf1b65c6a64f6,housewares,15,15,2685.0,314.98999404907227,37
2018-05-01,461f43be3bdf8844e65b62d9ac2c7a5a,watches_gifts,22,22,2598.8999938964844,323.669997215271,38
2018-05-01,5237739bb5fee495dbd337755a138660,watches_gifts,3,3,2587.0,63.30000114440918,39
2018-05-01,1231bc5d1cab6d3f64357eba69240f63,garden_tools,1,1,2550.0,66.0,40
2018-05-01,44fc450365728c413fefc547592626be,small_appliances,3,2,2547.0,89.7400016784668,41
2018-05-01,6767719f80aabbbf16ab2491899c32d9,telephony,3,3,2519.969970703125,108.0200023651123,42
2018-05-01,993ac19aa975075775c16ba15426f8be,computers_accessories,1,1,2499.75,12.0,43
2018-05-01,3fbc0ef745950c7932d5f2a446189725,health_beauty,38,37,2469.619918823242,941.4299983978271,44
2018-05-01,3354a4e684f5e7199f9407db70ccd92b,cool_stuff,27,27,2429.7299423217773,475.55999660491943,45
2018-05-01,31a89a7044c5b133cf646404a4e86022,housewares,16,7,2400.0,330.6799945831299,46
2018-05-01,b69eb25e3a4def8e9cddee18712e0c5e,cool_stuff,12,12,2388.0,439.1700096130371,47
2018-05-01,2f465f0f879ab88842042a85bac3a937,office_furniture,2,2,2379.800048828125,242.10000610351562,48
2018-05-01,b008888e5e01a5c9da36306228e900d1,computers,3,1,2370.0,97.16999816894531,49
2018-05-01,ffc9caf33e2d1e9f44e3e06da19085f7,health_beauty,11,10,2319.3399963378906,132.53000259399414,50
2018-06-01,44fc450365728c413fefc547592626be,small_appliances,10,8,8692.0,233.32000541687012,1
2018-06-01,8a12c0e223d9dbd49ccfcd2ad25d1b30,construction_tools_construction,3,3,5940.0,99.94000244140625,2
2018-06-01,19c91ef95d509ea33eda93495c4d3481,health_beauty,43,43,5288.56990814209,1527.28999710083,3
2018-06-01,bb50f2e236e5eea0100680137654686c,health_beauty,16,16,5280.0,324.7800006866455,4
2018-06-01,259037a6a41845e455183f89c5035f18,computers,1,1,4590.0,91.77999877929688,5
2018-06-01,25292482a61cb3298df8dbe15ea69daf,health_beauty,3,3,4498.9500732421875,127.31999588012695,6
2018-06-01,3dd2a17168ec895c781a9191c1e95ad7,computers_accessories,27,27,4047.299835205078,745.9199981689453,7
2018-06-01,6cdd53843498f92890544667809f1595,health_beauty,11,10,4004.0,359.6699981689453,8
2018-06-01,fbce4c4cb307679d89a3bf3d3bb353b9,bed_bath_table,29,27,3961.0,935.9100112915039,9
2018-06-01,0eb41884a8773e019708fb8409fd8347,baby,1,1,3899.0,135.44000244140625,10
2018-06-01,16c4e87b98a9370a9cbc3a4658a3f45b,musical_instruments,2,2,3798.0,378.02000427246094,11
2018-06-01,5237739bb5fee495dbd337755a138660,watches_gifts,4,4,3254.0499877929688,153.5800018310547,12
2018-06-01,e74384c9363e768848854356a37c73f4,consoles_games,2,1,3198.0,58.13999938964844,13
2018-06-01,d1c427060a0f73f6b889a5c7c61f2ac4,computers_accessories,27,26,3086.7599487304688,1447.8899936676025,14
2018-06-01,a92930c327948861c015c919a0bcb4a8,watches_gifts,39,39,3042.0,611.6199927330017,15
2018-06-01,24c66f106f642621e524291a895c9032,health_beauty,15,14,3028.4999084472656,430.6500015258789,16
2018-06-01,a62e25e09e05e6faf31d90c6ec1aa3d1,watches_gifts,28,22,2940.0,667.0599994659424,17
2018-06-01,1f411e9a31196b71ed8438c8254b858e,computers,4,1,2920.0,202.72000122070312,18
2018-06-01,8f211599d0cde9d8551a6984d758e1f4,housewares,2,2,2755.0,156.23999786376953,19
2018-06-01,89f59eee27a6a49b9f0d887136c71cd4,health_beauty,2,2,2599.300048828125,51.11000061035156,20
2018-06-01,4298b7e67dc399c200662b569563a2b2,computers_accessories,19,18,2378.020004272461,416.8899955749512,21
2018-06-01,ddceb6eef6af67e9fbbd4c148dbe5fd9,cool_stuff,11,11,2309.8900604248047,367.63999462127686,22
2018-06-01,fdaed9f1261debbac5fc4459dc4fad1c,telephony,1,1,2299.989990234375,33.97999954223633,23
2018-06-01,f96ff9b997681965689f78bef092fdd9,health_beauty,3,3,2295.0,73.51999855041504,24
2018-06-01,41c24b8ce92d1a2cac62db5edfd088b2,watches_gifts,22,22,2240.2000274658203,368.7699966430664,25
2018-06-01,ada6a9116c85d8e56232e0a4265d7db9,home_appliances_2,1,1,2221.0,104.22000122070312,26
2018-06-01,bdb0b11a36aed4d0d862a7037c838560,telephony,2,2,2198.0,116.5999984741211,27
2018-06-01,87b77bddc8fa1c1272ec769a5134310c,toys,3,2,2179.989990234375,175.2899932861328,28
2018-06-01,12803e6c48756086227e39a8a2d2026b,cool_stuff,1,1,2139.989990234375,83.12999725341797,29
2018-06-01,cec51758e9839eb5414b214934430da6,signaling_and_security,4,1,2119.60009765625,258.760009765625,30
2018-06-01,87feb07adc221a4c6cdf051ea1afd0ff,home_appliances_2,1,1,2110.0,48.56999969482422,31
2018-06-01,43d6624c213f21168ead351def0ad36a,auto,1,1,2090.0,61.290000915527344,32
2018-06-01,e0d64dcfaa3b6db5c54ca298ae101d05,watches_gifts,15,15,2073.300003051758,241.61999988555908,33
2018-06-01,a6d11caea18ae416c4861a5a9f9711de,watches_gifts,4,4,2071.0,74.23999881744385,34
2018-06-01,7c55ea4aea1acf1ce11440010f5aa298,housewares,5,5,2058.0,220.0,35
2018-06-01,0433830caca22b01a0f477d31307b043,small_appliances_home_oven_and_coffee,1,1,1999.0,46.470001220703125,36
2018-06-01,6e263657e75994ff623356f9cff692db,computers,3,1,1977.0,88.77000045776367,37
2018-06-01,928e52a9ad53a294fdcc91bcf59d1751,housewares,15,10,1950.0,270.9299964904785,38
2018-06-01,9d65ba102eeefb2ee2284de1fdc3964d,auto,1,1,1890.0,35.77000045776367,39
2018-06-01,ea45888166c303ff6ffc0abfcb52822f,musical_instruments,2,2,1880.0,42.97999954223633,40
2018-06-01,752855b7d128a75a28fa2ea9341e51bc,auto,1,1,1880.0,44.029998779296875,41
2018-06-01,ca6f1dddc138d9925f3a9b79dacbf1f5,watches_gifts,1,1,1850.0,21.639999389648438,42
2018-06-01,69455f41626a745aea9ee9164cb9eafd,watches_gifts,11,11,1843.7999877929688,248.3199977874756,43
2018-06-01,f819f0c84a64f02d3a5606ca95edd272,watches_gifts,3,3,1841.9000244140625,90.96999931335449,44
2018-06-01,99a4788cb24856965c36a24e339b6058,bed_bath_table,23,20,1837.7000350952148,529.1300029754639,45
2018-06-01,2722b86640ddc24e1374c2df1ac2a230,construction_tools_construction,6,6,1799.93994140625,120.58999919891357,46
2018-06-01,53d8ee87caa1a2320c66074ff9c99e61,watches_gifts,3,3,1796.97998046875,62.22999954223633,47
2018-06-01,4fe644d766c7566dbc46fb851363cb3b,art,18,18,1769.2799835205078,353.3600034713745,48
2018-06-01,679d1a26cc192f14e7e30ae397f8b089,health_beauty,2,2,1759.5400390625,47.59000015258789,49
2018-06-01,3fbc0ef745950c7932d5f2a446189725,health_beauty,26,25,1741.7399444580078,786.2800006866455,50
2018-07-01,d285360f29ac7fd97640bf0baef03de0,watches_gifts,45,44,7651.270004272461,807.9100131988525,1
2018-07-01,19936fa4f614ee0590d3b77ac83fd648,fixed_telephony,4,1,7160.0,114.87999725341797,2
2018-07-01,69c590f7ffc7bf8db97190b6cb6ed62e,computers,1,1,6729.0,193.2100067138672,3
2018-07-01,bb50f2e236e5eea0100680137654686c,health_beauty,13,9,4290.0,369.4599962234497,4
2018-07-01,e7cc48a9daff5436f63d3aad9426f28b,telephony,25,21,4250.0,640.2800025939941,5
2018-07-01,bbff7e0ea95dd990ce461d8104ee9173,home_appliances_2,2,2,4199.97998046875,149.56000518798828,6
2018-07-01,933f4f76eae38d2a97ecfb7c6355f0bc,health_beauty,3,3,4149.7000732421875,133.19000244140625,7
2018-07-01,dd113cb02b2af9c8e5787e8f1f0722f6,sports_leisure,1,1,4059.0,104.51000213623047,8
2018-07-01,19c91ef95d509ea33eda93495c4d3481,health_beauty,33,33,4058.6699295043945,1089.3299961090088,9
2018-07-01,6cdd53843498f92890544667809f1595,health_beauty,11,11,4004.0,398.71000480651855,10
2018-07-01,af0a99476d96dcc1a1baa7c0d9ff6b9d,health_beauty,7,7,3713.0501403808594,229.5300006866455,11
2018-07-01,f49e985b4cb2d0543890d6dd00077663,small_appliances_home_oven_and_coffee,4,4,3180.0,261.7300033569336,12
2018-07-01,64b4f32393cbf55be791078e7a2adca0,watches_gifts,24,24,3155.799903869629,476.9000005722046,13
2018-07-01,a92930c327948861c015c919a0bcb4a8,watches_gifts,40,38,3120.0,719.1799898147583,14
2018-07-01,17d98fc630d23a628ec1130f8d69d1d2,cool_stuff,1,1,3109.989990234375,74.3499984741211,15
2018-07-01,7e53e051875b2a0c9f22acd8a9a29a20,industry_commerce_and_business,1,1,3089.0,317.4700012207031,16
2018-07-01,864413ca56c2bcea359a213956a922c0,auto,2,2,2779.800048828125,61.47999954223633,17
2018-07-01,1a080577618e7fe4d9ddd8fb2b47a964,watches_gifts,5,5,2705.0,94.78000164031982,18
2018-07-01,310b40ec41fbfc061e5309006482e68a,books_general_interest,5,5,2609.5001220703125,92.43000221252441,19
2018-07-01,f7740e5b4337a3cc4a8a204553101a85,health_beauty,5,5,2569.5000610351562,148.76999855041504,20
2018-07-01,5d6bea33648f018dbb563f3a2fab09f3,furniture_decor,17,11,2550.0,411.0100040435791,21
2018-07-01,d7cdea99e6f50310c242d02f16f1f63c,watches_gifts,5,5,2541.0,115.33000087738037,22
2018-07-01,9ce74f28b3b6dee34ad83b1ede956664,watches_gifts,1,1,2399.0,39.5099983215332,23
2018-07-01,0bbdc963004d9b2fd3427ee3c5ae3608,sports_leisure,8,7,2392.0,153.15000343322754,24
2018-07-01,a3cd9517ebf5a50dca25acce54f3b171,housewares,1,1,2338.080078125,375.2799987792969,25
2018-07-01,628b17449083fb34688b2959b80bdecd,auto,1,1,2258.0,46.68000030517578,26
2018-07-01,fbce4c4cb307679d89a3bf3d3bb353b9,bed_bath_table,15,14,2235.0,682.2300090789795,27
2018-07-01,6f3b5b605d91b7439c5e3f5a8dffeea7,watches_gifts,14,14,2199.9999389648438,233.2000026702881,28
2018-07-01,44612c61c35b16f7b7e88dadcebf096f,watches_gifts,1,1,2199.0,53.65999984741211,29
2018-07-01,7ae1a5d0600076501c7ff50c63938b48,costruction_tools_tools,2,1,2198.0,69.27999877929688,30
2018-07-01,bdb0b11a36aed4d0d862a7037c838560,telephony,2,2,2198.0,46.69000053405762,31
2018-07-01,277acb101c00b04ed2eabf11a7285a7c,health_beauty,2,2,2198.0,139.4199981689453,32
2018-07-01,628f5ed6c14790dcb9233c8dbf596175,health_beauty,4,4,2115.600067138672,131.32000160217285,33
2018-07-01,53d8ee87caa1a2320c66074ff9c99e61,watches_gifts,4,4,2067.60009765625,122.47999954223633,34
2018-07-01,e7d5464b94c9a5963f7c686fc80145ad,watches_gifts,15,15,2033.900001525879,307.45999813079834,35
2018-07-01,de89f330c497e12d2510c2cd2a48a29f,telephony,3,3,2018.97998046875,66.26000213623047,36
2018-07-01,463cdd8acfe23847f35e29076df0bbbd,watches_gifts,1,1,1999.0,32.09000015258789,37
2018-07-01,450c25d98ed6923154a934554475bf13,health_beauty,5,5,1995.0,593.4699935913086,38
2018-07-01,a04087ab6a96ffa041f8a2701a72b616,computers,3,3,1950.0,269.33000564575195,39
2018-07-01,3dd2a17168ec895c781a9191c1e95ad7,computers_accessories,13,13,1948.6999206542969,436.43000411987305,40
2018-07-01,06c950c36d589b39b34f5dc1d4a75e29,health_beauty,4,4,1941.5999755859375,135.95999908447266,41
2018-07-01,4298b7e67dc399c200662b569563a2b2,computers_accessories,16,16,1939.4599990844727,334.77000284194946,42
2018-07-01,69455f41626a745aea9ee9164cb9eafd,watches_gifts,15,15,1927.0,262.7299987077713,43
2018-07-01,8b5227e28272123eefd613a10ffd7704,watches_gifts,4,4,1916.0,68.13000106811523,44
2018-07-01,e91042dbe3df0b9887d7044968286f57,costruction_tools_tools,1,1,1899.0,31.34000015258789,45
2018-07-01,b192be433004cc1f10b467c0e9ea309b,computers_accessories,10,8,1851.7999572753906,322.7399969100952,46
2018-07-01,f15c46e2da924b1fc76fe638911262bc,consoles_games,5,5,1845.0,107.92000007629395,47
2018-07-01,a02d0123079f4ae96001ba2010d1a2df,construction_tools_lights,8,8,1824.0,320.00000190734863,48
2018-07-01,3fbc0ef745950c7932d5f2a446189725,health_beauty,27,24,1808.7299423217773,699.319995880127,49
2018-07-01,64711ecc1a5700b2ca5fca7eafab7f3e,housewares,1,1,1799.0,42.11000061035156,50
2018-08-01,e7cc48a9daff5436f63d3aad9426f28b,telephony,68,43,11966.0,1685.9400129318237,1
2018-08-01,bb50f2e236e5eea0100680137654686c,health_beauty,28,24,9240.0,574.1500015258789,2
2018-08-01,43cc8e4d981bc04b9d78b12e8a908d41,health_beauty,4,4,4960.0,299.35999298095703,3
2018-08-01,a3cd9517ebf5a50dca25acce54f3b171,housewares,2,2,4676.16015625,549.7299957275391,4
2018-08-01,a319b66ab6cabbb2810942860c1c8a3c,construction_tools_construction,2,2,4600.0,65.80000114440918,5
2018-08-01,73326828aa5efe1ba096223de496f596,food,54,53,4461.019996643066,631.3199968338013,6
2018-08-01,a1beef8f3992dbd4cd8726796aa69c53,musical_instruments,1,1,4399.8701171875,113.44999694824219,7
2018-08-01,19c91ef95d509ea33eda93495c4d3481,health_beauty,32,32,3935.679931640625,1182.140001296997,8
2018-08-01,6cdd53843498f92890544667809f1595,health_beauty,9,9,3276.0,256.96000480651855,9
2018-08-01,f7740e5b4337a3cc4a8a204553101a85,health_beauty,6,6,3194.400146484375,195.7999973297119,10
2018-08-01,0cf5798cf0a69ca39b286d63dd5a9501,sports_leisure,1,1,3099.0,252.35000610351562,11
2018-08-01,cc1829caca1897ee76144ef20a32330f,sports_leisure,1,1,2999.89990234375,76.2300033569336,12
2018-08-01,6f1b3488c5314b527201978357a8d85f,telephony,11,11,2859.889892578125,195.4600009918213,13
2018-08-01,194e74feac1f84a8ee5a517d4b3e107a,computers,3,2,2697.0,151.62000274658203,14
2018-08-01,af0a99476d96dcc1a1baa7c0d9ff6b9d,health_beauty,5,5,2639.5001220703125,104.37999725341797,15
2018-08-01,a04087ab6a96ffa041f8a2701a72b616,computers,4,3,2600.0,211.3400001525879,16
2018-08-01,c87a617241993d71f043ed39858daa43,health_beauty,4,4,2566.0,83.24999809265137,17
2018-08-01,b192be433004cc1f10b467c0e9ea309b,computers_accessories,14,12,2518.5999145507812,441.0800037384033,18
2018-08-01,62f423e57a8c157d3877ee5867d7db88,computers_accessories,14,11,2418.5999145507812,353.3600044250488,19
2018-08-01,8ea2105f9dac119565ef0138ad05f6fb,watches_gifts,2,2,2399.800048828125,83.30999946594238,20
2018-08-01,ada6a9116c85d8e56232e0a4265d7db9,home_appliances_2,1,1,2350.0,105.12000274658203,21
2018-08-01,fcd0a70961c103799897803f4e49c628,watches_gifts,1,1,2299.0,24.25,22
2018-08-01,628b17449083fb34688b2959b80bdecd,auto,1,1,2258.0,64.31999969482422,23
2018-08-01,a92930c327948861c015c919a0bcb4a8,watches_gifts,28,28,2179.0,366.5299949645996,24
2018-08-01,8a12c0e223d9dbd49ccfcd2ad25d1b30,construction_tools_construction,1,1,2160.0,27.420000076293945,25
2018-08-01,ce99c3515272dee739f2d3eddae0f2cf,watches_gifts,1,1,2150.0,33.150001525878906,26
2018-08-01,90aaf7f993470e411207adabf5b998b6,computers_accessories,11,10,2119.0,227.7899980545044,27
2018-08-01,b59e3776fd0270273b8f6b1345e2f0fc,home_appliances,1,1,2090.0,65.3499984741211,28
2018-08-01,23e44bcf966914b366c7e28f13327dfe,garden_tools,1,1,2029.0,86.79000091552734,29
2018-08-01,89ad4d91b311611f135ef67426267ffc,auto,1,1,1999.989990234375,22.34000015258789,30
2018-08-01,59af9f8790e7a3f82851c321f0e825bf,bed_bath_table,1,1,1999.97998046875,225.7100067138672,31
2018-08-01,c5215dd0ebe57e26ec6025f1c4b42029,watches_gifts,1,1,1999.9000244140625,32.099998474121094,32
2018-08-01,310806337e8a62be35203aa25d302b08,baby,1,1,1999.0,99.4000015258789,33
2018-08-01,628cfb8a45c95a7b796ea06b006e9384,auto,1,1,1988.0,26.989999771118164,34
2018-08-01,595fac2a385ac33a80bd5114aec74eb8,perfumery,17,15,1987.4000244140625,302.4400005340576,35
2018-08-01,fbce4c4cb307679d89a3bf3d3bb353b9,bed_bath_table,13,13,1937.0,567.24001121521,36
2018-08-01,2bd9b51a9ab079e095aca987845d3266,consoles_games,25,21,1929.0,388.97999000549316,37
2018-08-01,eddb814fb553b6951f51b34c5f578ba0,agro_industry_and_commerce,1,1,1899.0,79.18000030517578,38
2018-08-01,3fbc0ef745950c7932d5f2a446189725,health_beauty,28,27,1875.7199401855469,658.7899990081787,39
2018-08-01,afeeea6271148ee1bb15173b8187c431,telephony,8,8,1872.0,188.96999645233154,40
2018-08-01,55782cb82e0efe052da0a3da237da3b2,auto,11,11,1835.8999328613281,291.54999923706055,41
2018-08-01,8370300e444c4394d3c3f878606a9601,watches_gifts,6,6,1809.3999633789062,104.95000267028809,42
2018-08-01,5ec9cc4e1217d387b9fedfa362b7bc24,auto,1,1,1788.0,110.61000061035156,43
2018-08-01,fbc1488c1a1e72ba175f53ab29a248e8,perfumery,15,14,1753.5000228881836,231.70000076293945,44
2018-08-01,c7b8e643fca22f6d8ec5f4b76b72e65f,health_beauty,1,1,1750.0,39.02000045776367,45
2018-08-01,6f3b5b605d91b7439c5e3f5a8dffeea7,watches_gifts,11,11,1737.3999633789062,160.51999950408936,46
2018-08-01,eac79e5169f7190fc60b25f3e9bf21d7,pet_shop,1,1,1690.0,38.810001373291016,47
2018-08-01,5f19455f0c3902e89f16a6042bd4221d,health_beauty,4,4,1641.02001953125,60.839999079704285,48
2018-08-01,bde643c31f72e37dd1aac0c43e130ddc,fixed_telephony,2,2,1625.97998046875,51.989999771118164,49
2018-08-01,6a3de1215846cd955a86490be42953d6,watches_gifts,1,1,1623.9000244140625,30.559999465942383,50
